UTC,IST_hour,instance_id
"2022-04-12 07:09:10 UTC","2022-04-12 12:39:10",9e27bf765fdc2986c2f92c6919872380
"2022-04-12 07:07:59 UTC","2022-04-12 12:37:59",d96f725b82f1c12f177e9d1b9c1bb643
"2022-04-12 07:07:50 UTC","2022-04-12 12:37:50",f9b959ce7f71a1f92bcbf0a35502a036
"2022-04-12 07:04:32 UTC","2022-04-12 12:34:32",7d2d079987017cf300ad30d97ddaad84
"2022-04-12 07:01:56 UTC","2022-04-12 12:31:56",
"2022-04-12 07:01:53 UTC","2022-04-12 12:31:53",53f113f131c5b49c98714600b95fddb3
"2022-04-12 07:01:50 UTC","2022-04-12 12:31:50",
"2022-04-12 07:01:22 UTC","2022-04-12 12:31:22",
"2022-04-12 07:01:17 UTC","2022-04-12 12:31:17",
"2022-04-12 07:01:00 UTC","2022-04-12 12:31:00",
"2022-04-12 07:01:00 UTC","2022-04-12 12:31:00",2a0442055d31f3b75b860cd86aecf4ea
"2022-04-12 07:00:27 UTC","2022-04-12 12:30:27",
"2022-04-12 06:59:15 UTC","2022-04-12 12:29:15",188a4318617bae847690254706106891
"2022-04-12 06:58:53 UTC","2022-04-12 12:28:53",
"2022-04-12 06:58:47 UTC","2022-04-12 12:28:47",
"2022-04-12 06:58:36 UTC","2022-04-12 12:28:36",7068d8135b7d792554d60c3046848af7
"2022-04-12 06:58:25 UTC","2022-04-12 12:28:25",c7696a1b1a3dd8d5ee13cfc7c84378c4
"2022-04-12 06:57:32 UTC","2022-04-12 12:27:32",2e7e7a6814fe39f6917b1897a89703d7
"2022-04-12 06:57:30 UTC","2022-04-12 12:27:30",2e7e7a6814fe39f6917b1897a89703d7
"2022-04-12 06:56:49 UTC","2022-04-12 12:26:49",91fba088a6ab6219155727b47cee7be9
"2022-04-12 06:56:43 UTC","2022-04-12 12:26:43",
"2022-04-12 06:56:39 UTC","2022-04-12 12:26:39",91fba088a6ab6219155727b47cee7be9
"2022-04-12 06:56:37 UTC","2022-04-12 12:26:37",91fba088a6ab6219155727b47cee7be9
"2022-04-12 06:56:33 UTC","2022-04-12 12:26:33",91fba088a6ab6219155727b47cee7be9
"2022-04-12 06:54:49 UTC","2022-04-12 12:24:49",debfe92260dd64f918c0da86160bdcdc
"2022-04-12 06:52:53 UTC","2022-04-12 12:22:53",
"2022-04-12 06:52:38 UTC","2022-04-12 12:22:38",861ad8e9c4142041c0417dd5d5d35363
"2022-04-12 06:51:33 UTC","2022-04-12 12:21:33",
"2022-04-12 06:51:26 UTC","2022-04-12 12:21:26",adc11055703b944df7122938251cc957
"2022-04-12 06:50:27 UTC","2022-04-12 12:20:27",
"2022-04-12 06:47:18 UTC","2022-04-12 12:17:18",
"2022-04-12 06:46:58 UTC","2022-04-12 12:16:58",
"2022-04-12 06:45:38 UTC","2022-04-12 12:15:38",
"2022-04-12 06:44:30 UTC","2022-04-12 12:14:30",
"2022-04-12 06:37:59 UTC","2022-04-12 12:07:59",
"2022-04-12 06:36:53 UTC","2022-04-12 12:06:53",
"2022-04-12 06:35:19 UTC","2022-04-12 12:05:19",aee4548cea84308b168672fc8a469e23
"2022-04-12 06:32:19 UTC","2022-04-12 12:02:19",
"2022-04-12 06:31:56 UTC","2022-04-12 12:01:56",
"2022-04-12 06:31:34 UTC","2022-04-12 12:01:34",
"2022-04-12 06:26:41 UTC","2022-04-12 11:56:41",
"2022-04-12 06:25:34 UTC","2022-04-12 11:55:34",
"2022-04-12 06:25:15 UTC","2022-04-12 11:55:15",
"2022-04-12 06:25:01 UTC","2022-04-12 11:55:01",
"2022-04-12 06:22:34 UTC","2022-04-12 11:52:34",
"2022-04-12 06:22:30 UTC","2022-04-12 11:52:30",45194919de55628331278d92289f03fa
"2022-04-12 06:22:27 UTC","2022-04-12 11:52:27",
"2022-04-12 06:20:53 UTC","2022-04-12 11:50:53",f34af2b1f4385d03dacaae2978766874
"2022-04-12 06:20:42 UTC","2022-04-12 11:50:42",f34af2b1f4385d03dacaae2978766874
"2022-04-12 06:20:36 UTC","2022-04-12 11:50:36",f34af2b1f4385d03dacaae2978766874
"2022-04-12 06:20:22 UTC","2022-04-12 11:50:22",f34af2b1f4385d03dacaae2978766874
"2022-04-12 06:20:17 UTC","2022-04-12 11:50:17",
"2022-04-12 06:18:51 UTC","2022-04-12 11:48:51",f34af2b1f4385d03dacaae2978766874
"2022-04-12 06:18:23 UTC","2022-04-12 11:48:23",5c6346228d8010a0929e73ea93585d27
"2022-04-12 06:18:13 UTC","2022-04-12 11:48:13",
"2022-04-12 06:17:56 UTC","2022-04-12 11:47:56",8f001089daa8acfe41422878d7cfbab8
"2022-04-12 06:17:46 UTC","2022-04-12 11:47:46",5c6346228d8010a0929e73ea93585d27
"2022-04-12 06:17:07 UTC","2022-04-12 11:47:07",5c6346228d8010a0929e73ea93585d27
"2022-04-12 06:17:02 UTC","2022-04-12 11:47:02",8f001089daa8acfe41422878d7cfbab8
"2022-04-12 06:16:56 UTC","2022-04-12 11:46:56",
"2022-04-12 06:16:37 UTC","2022-04-12 11:46:37",f34af2b1f4385d03dacaae2978766874
"2022-04-12 06:16:33 UTC","2022-04-12 11:46:33",5c6346228d8010a0929e73ea93585d27
"2022-04-12 06:16:27 UTC","2022-04-12 11:46:27",f34af2b1f4385d03dacaae2978766874
"2022-04-12 06:16:23 UTC","2022-04-12 11:46:23",f34af2b1f4385d03dacaae2978766874
"2022-04-12 06:16:19 UTC","2022-04-12 11:46:19",f34af2b1f4385d03dacaae2978766874
"2022-04-12 06:16:10 UTC","2022-04-12 11:46:10",
"2022-04-12 06:16:06 UTC","2022-04-12 11:46:06",46ef89cf0faca910c84c33305885545d
"2022-04-12 06:16:03 UTC","2022-04-12 11:46:03",46ef89cf0faca910c84c33305885545d
"2022-04-12 06:15:55 UTC","2022-04-12 11:45:55",5c6346228d8010a0929e73ea93585d27
"2022-04-12 06:15:21 UTC","2022-04-12 11:45:21",5c6346228d8010a0929e73ea93585d27
"2022-04-12 06:14:42 UTC","2022-04-12 11:44:42",5c6346228d8010a0929e73ea93585d27
"2022-04-12 06:13:37 UTC","2022-04-12 11:43:37",c8ef09f01b0bb4c6c1b75cf28a48d04a
"2022-04-12 06:12:56 UTC","2022-04-12 11:42:56",
"2022-04-12 06:12:13 UTC","2022-04-12 11:42:13",
"2022-04-12 06:11:54 UTC","2022-04-12 11:41:54",59574b50bc7377d012318c0cc760d3a4
"2022-04-12 06:11:44 UTC","2022-04-12 11:41:44",
"2022-04-12 06:10:56 UTC","2022-04-12 11:40:56",1c4795cbe0782fab8d84bd9d524debe1
"2022-04-12 06:10:06 UTC","2022-04-12 11:40:06",
"2022-04-12 06:09:53 UTC","2022-04-12 11:39:53",
"2022-04-12 06:09:47 UTC","2022-04-12 11:39:47",
"2022-04-12 06:09:40 UTC","2022-04-12 11:39:40",f34af2b1f4385d03dacaae2978766874
"2022-04-12 06:08:23 UTC","2022-04-12 11:38:23",
"2022-04-12 06:06:51 UTC","2022-04-12 11:36:51",e628bedad49481d7101104b65e367600
"2022-04-12 06:04:35 UTC","2022-04-12 11:34:35",f34af2b1f4385d03dacaae2978766874
"2022-04-12 06:04:27 UTC","2022-04-12 11:34:27",
"2022-04-12 06:04:22 UTC","2022-04-12 11:34:22",
"2022-04-12 06:04:15 UTC","2022-04-12 11:34:15",
"2022-04-12 06:02:11 UTC","2022-04-12 11:32:11",ac3f0f5c7b8f672c0ac8c609b08c0a23
"2022-04-12 06:01:26 UTC","2022-04-12 11:31:26",
"2022-04-12 06:01:23 UTC","2022-04-12 11:31:23",d894024409fcfdce06361793603671b8
"2022-04-12 06:00:25 UTC","2022-04-12 11:30:25",
"2022-04-12 06:00:21 UTC","2022-04-12 11:30:21",59574b50bc7377d012318c0cc760d3a4
"2022-04-12 06:00:19 UTC","2022-04-12 11:30:19",59574b50bc7377d012318c0cc760d3a4
"2022-04-12 05:58:49 UTC","2022-04-12 11:28:49",bf02acce9b9cd8cb81d3f337b033c0ec
"2022-04-12 05:58:37 UTC","2022-04-12 11:28:37",bf02acce9b9cd8cb81d3f337b033c0ec
"2022-04-12 05:57:45 UTC","2022-04-12 11:27:45",075cb73e19ebde73477f5c10650fe72b
"2022-04-12 05:57:18 UTC","2022-04-12 11:27:18",b93d125369c20ceb0ab22949a1735038
"2022-04-12 05:57:12 UTC","2022-04-12 11:27:12",
"2022-04-12 05:57:08 UTC","2022-04-12 11:27:08",
"2022-04-12 05:57:05 UTC","2022-04-12 11:27:05",
"2022-04-12 05:57:01 UTC","2022-04-12 11:27:01",
"2022-04-12 05:56:58 UTC","2022-04-12 11:26:58",
"2022-04-12 05:56:55 UTC","2022-04-12 11:26:55",efc0aac90297fc6b04110b85cfc23c58
"2022-04-12 05:56:50 UTC","2022-04-12 11:26:50",efc0aac90297fc6b04110b85cfc23c58
"2022-04-12 05:56:04 UTC","2022-04-12 11:26:04",f665ec6a5680ce71a1b1621958d819dc
"2022-04-12 05:56:03 UTC","2022-04-12 11:26:03",
"2022-04-12 05:55:57 UTC","2022-04-12 11:25:57",
"2022-04-12 05:54:55 UTC","2022-04-12 11:24:55",
"2022-04-12 05:54:38 UTC","2022-04-12 11:24:38",9672e6958e16659d013d0706b6e4f763
"2022-04-12 05:53:36 UTC","2022-04-12 11:23:36",1e972bf82016ca11f1d7719672304a78
"2022-04-12 05:52:58 UTC","2022-04-12 11:22:58",
"2022-04-12 05:52:01 UTC","2022-04-12 11:22:01",76ea79ec77d657f2a86be6c86c475919
"2022-04-12 05:48:12 UTC","2022-04-12 11:18:12",c430ff9ec0b3dedd6c2722d550b9506b
"2022-04-12 05:47:48 UTC","2022-04-12 11:17:48",
"2022-04-12 05:46:53 UTC","2022-04-12 11:16:53",
"2022-04-12 05:46:39 UTC","2022-04-12 11:16:39",
"2022-04-12 05:46:27 UTC","2022-04-12 11:16:27",77a3b42cb272cc37c57583c17c5bff7a
"2022-04-12 05:45:49 UTC","2022-04-12 11:15:49",ea07517209bf99f68e252d3c74409b5a
"2022-04-12 05:43:32 UTC","2022-04-12 11:13:32",ff7cc069b4d19c26b6b8137abdfbbec3
"2022-04-12 05:43:14 UTC","2022-04-12 11:13:14",
"2022-04-12 05:40:40 UTC","2022-04-12 11:10:40",
"2022-04-12 05:39:58 UTC","2022-04-12 11:09:58",
"2022-04-12 05:39:58 UTC","2022-04-12 11:09:58",5efe58e2941d64a18391188f91de66a8
"2022-04-12 05:39:34 UTC","2022-04-12 11:09:34",94c84423208a64f4dc9b1c41e7f77685
"2022-04-12 05:39:12 UTC","2022-04-12 11:09:12",219824bbc5a31e5650515041254af176
"2022-04-12 05:37:01 UTC","2022-04-12 11:07:01",
"2022-04-12 05:35:41 UTC","2022-04-12 11:05:41",b1e5bbc2859353c6fb2f8e71790169e5
"2022-04-12 05:33:34 UTC","2022-04-12 11:03:34",
"2022-04-12 05:33:31 UTC","2022-04-12 11:03:31",e8e6ca2a24efa9b8510ac6cc63ef0994
"2022-04-12 05:33:27 UTC","2022-04-12 11:03:27",4cb9fbc9a709540db36f7db53ab27243
"2022-04-12 05:33:16 UTC","2022-04-12 11:03:16",
"2022-04-12 05:33:13 UTC","2022-04-12 11:03:13",
"2022-04-12 05:33:01 UTC","2022-04-12 11:03:01",
"2022-04-12 05:32:58 UTC","2022-04-12 11:02:58",
"2022-04-12 05:32:56 UTC","2022-04-12 11:02:56",e8e6ca2a24efa9b8510ac6cc63ef0994
"2022-04-12 05:32:36 UTC","2022-04-12 11:02:36",
"2022-04-12 05:32:30 UTC","2022-04-12 11:02:30",e8e6ca2a24efa9b8510ac6cc63ef0994
"2022-04-12 05:32:11 UTC","2022-04-12 11:02:11",
"2022-04-12 05:30:38 UTC","2022-04-12 11:00:38",e8e6ca2a24efa9b8510ac6cc63ef0994
"2022-04-12 05:30:37 UTC","2022-04-12 11:00:37",e8e6ca2a24efa9b8510ac6cc63ef0994
"2022-04-12 05:30:33 UTC","2022-04-12 11:00:33",e8e6ca2a24efa9b8510ac6cc63ef0994
"2022-04-12 05:30:04 UTC","2022-04-12 11:00:04",
"2022-04-12 05:30:01 UTC","2022-04-12 11:00:01",
"2022-04-12 05:29:56 UTC","2022-04-12 10:59:56",
"2022-04-12 05:29:54 UTC","2022-04-12 10:59:54",e8e6ca2a24efa9b8510ac6cc63ef0994
"2022-04-12 05:28:30 UTC","2022-04-12 10:58:30",
"2022-04-12 05:28:27 UTC","2022-04-12 10:58:27",57c87f1300fc325618f8a11d5632cff8
"2022-04-12 05:28:24 UTC","2022-04-12 10:58:24",57c87f1300fc325618f8a11d5632cff8
"2022-04-12 05:28:19 UTC","2022-04-12 10:58:19",57c87f1300fc325618f8a11d5632cff8
"2022-04-12 05:28:17 UTC","2022-04-12 10:58:17",
"2022-04-12 05:28:03 UTC","2022-04-12 10:58:03",57c87f1300fc325618f8a11d5632cff8
"2022-04-12 05:27:43 UTC","2022-04-12 10:57:43",
"2022-04-12 05:27:22 UTC","2022-04-12 10:57:22",
"2022-04-12 05:27:19 UTC","2022-04-12 10:57:19",57c87f1300fc325618f8a11d5632cff8
"2022-04-12 05:27:13 UTC","2022-04-12 10:57:13",
"2022-04-12 05:27:10 UTC","2022-04-12 10:57:10",
"2022-04-12 05:27:04 UTC","2022-04-12 10:57:04",
"2022-04-12 05:27:01 UTC","2022-04-12 10:57:01",
"2022-04-12 05:26:57 UTC","2022-04-12 10:56:57",
"2022-04-12 05:26:43 UTC","2022-04-12 10:56:43",57c87f1300fc325618f8a11d5632cff8
"2022-04-12 05:26:40 UTC","2022-04-12 10:56:40",16122a494cb26354b608785a1db785c6
"2022-04-12 05:26:33 UTC","2022-04-12 10:56:33",ffc08c32eaa3145a82f7dd22d93fcdf6
"2022-04-12 05:23:58 UTC","2022-04-12 10:53:58",
"2022-04-12 05:22:25 UTC","2022-04-12 10:52:25",ae078b8cbe7739f30344d8cc90cab61e
"2022-04-12 05:20:12 UTC","2022-04-12 10:50:12",8f001089daa8acfe41422878d7cfbab8
"2022-04-12 05:19:33 UTC","2022-04-12 10:49:33",
"2022-04-12 05:19:27 UTC","2022-04-12 10:49:27",8f001089daa8acfe41422878d7cfbab8
"2022-04-12 05:19:24 UTC","2022-04-12 10:49:24",8f001089daa8acfe41422878d7cfbab8
"2022-04-12 05:18:58 UTC","2022-04-12 10:48:58",cc6d33fdd4e00f21f99ab32228c8066e
"2022-04-12 05:17:33 UTC","2022-04-12 10:47:33",e79b71a177655f15a2677f8af305a5b0
"2022-04-12 05:17:20 UTC","2022-04-12 10:47:20",7fcdf06a462118f9ad40ed8dabb89608
"2022-04-12 05:17:16 UTC","2022-04-12 10:47:16",
"2022-04-12 05:12:08 UTC","2022-04-12 10:42:08",c25969056a5e31f7e9d86a792f861b11
"2022-04-12 05:09:25 UTC","2022-04-12 10:39:25",075cb73e19ebde73477f5c10650fe72b
"2022-04-12 05:08:41 UTC","2022-04-12 10:38:41",ea0949be0264de3b43d43814f754e762
"2022-04-12 05:06:16 UTC","2022-04-12 10:36:16",7985e7456aac883ef0a33b786b5771fa
"2022-04-12 05:02:31 UTC","2022-04-12 10:32:31",ffc08c32eaa3145a82f7dd22d93fcdf6
"2022-04-12 05:02:23 UTC","2022-04-12 10:32:23",2d10e359633907b90821deda63c7e122
"2022-04-12 05:02:17 UTC","2022-04-12 10:32:17",
"2022-04-12 05:00:19 UTC","2022-04-12 10:30:19",f8164938fee04a149d5a0e636061ef83
"2022-04-12 05:00:12 UTC","2022-04-12 10:30:12",
"2022-04-12 04:59:55 UTC","2022-04-12 10:29:55",3ec9b677dd89229fdd6c0d778f49be91
"2022-04-12 04:59:02 UTC","2022-04-12 10:29:02",
"2022-04-12 04:59:02 UTC","2022-04-12 10:29:02",
"2022-04-12 04:55:37 UTC","2022-04-12 10:25:37",5c4f5e7f2a2f56ef5938ddcfb123ce0d
"2022-04-12 04:48:57 UTC","2022-04-12 10:18:57",6fded2275fd1165266cec3a335aba52b
"2022-04-12 04:48:22 UTC","2022-04-12 10:18:22",35b739047f59bcc186bd3fc6833b9503
"2022-04-12 04:47:36 UTC","2022-04-12 10:17:36",
"2022-04-12 04:47:35 UTC","2022-04-12 10:17:35",
"2022-04-12 04:47:31 UTC","2022-04-12 10:17:31",2384308b31e9b9a7d7d2ecfc3d27d77f
"2022-04-12 04:47:28 UTC","2022-04-12 10:17:28",9eaa4bc674d6ca7394cff3bcaf5e76ba
"2022-04-12 04:47:25 UTC","2022-04-12 10:17:25",
"2022-04-12 04:47:22 UTC","2022-04-12 10:17:22",
"2022-04-12 04:46:56 UTC","2022-04-12 10:16:56",
"2022-04-12 04:46:18 UTC","2022-04-12 10:16:18",
"2022-04-12 04:43:21 UTC","2022-04-12 10:13:21",
"2022-04-12 04:43:14 UTC","2022-04-12 10:13:14",1a6a8c0206c8a98336d8f0ffc0e17ab8
"2022-04-12 04:43:05 UTC","2022-04-12 10:13:05",35b739047f59bcc186bd3fc6833b9503
"2022-04-12 04:40:28 UTC","2022-04-12 10:10:28",35b739047f59bcc186bd3fc6833b9503
"2022-04-12 04:38:52 UTC","2022-04-12 10:08:52",35b739047f59bcc186bd3fc6833b9503
"2022-04-12 04:38:03 UTC","2022-04-12 10:08:03",35b739047f59bcc186bd3fc6833b9503
"2022-04-12 04:34:47 UTC","2022-04-12 10:04:47",
"2022-04-12 04:33:21 UTC","2022-04-12 10:03:21",35b739047f59bcc186bd3fc6833b9503
"2022-04-12 04:33:09 UTC","2022-04-12 10:03:09",
"2022-04-12 04:32:37 UTC","2022-04-12 10:02:37",
"2022-04-12 04:32:32 UTC","2022-04-12 10:02:32",
"2022-04-12 04:30:34 UTC","2022-04-12 10:00:34",dbea4da031f1640f9ba9a7e64cbf4a74
"2022-04-12 04:30:08 UTC","2022-04-12 10:00:08",e16ce150747384b5e6b2097e341f5c32
"2022-04-12 04:29:12 UTC","2022-04-12 09:59:12",
"2022-04-12 04:25:44 UTC","2022-04-12 09:55:44",6da1681004912416bb0016ab18a2fb2f
"2022-04-12 04:24:40 UTC","2022-04-12 09:54:40",dbea4da031f1640f9ba9a7e64cbf4a74
"2022-04-12 04:20:52 UTC","2022-04-12 09:50:52",f1469b1d641a32f06bec7fe703318b7d
"2022-04-12 04:17:35 UTC","2022-04-12 09:47:35",
"2022-04-12 04:13:58 UTC","2022-04-12 09:43:58",5716cfc29c81b189ab93fa059c70a01c
"2022-04-12 04:13:50 UTC","2022-04-12 09:43:50",
"2022-04-12 04:13:45 UTC","2022-04-12 09:43:45",
"2022-04-12 04:12:46 UTC","2022-04-12 09:42:46",
"2022-04-12 04:12:28 UTC","2022-04-12 09:42:28",
"2022-04-12 04:12:26 UTC","2022-04-12 09:42:26",
"2022-04-12 04:12:23 UTC","2022-04-12 09:42:23",8f001089daa8acfe41422878d7cfbab8
"2022-04-12 04:12:19 UTC","2022-04-12 09:42:19",
"2022-04-12 04:10:58 UTC","2022-04-12 09:40:58",
"2022-04-12 04:09:27 UTC","2022-04-12 09:39:27",
"2022-04-12 04:09:17 UTC","2022-04-12 09:39:17",
"2022-04-12 04:08:26 UTC","2022-04-12 09:38:26",
"2022-04-12 04:08:24 UTC","2022-04-12 09:38:24",
"2022-04-12 04:08:22 UTC","2022-04-12 09:38:22",
"2022-04-12 04:07:32 UTC","2022-04-12 09:37:32",
"2022-04-12 04:06:28 UTC","2022-04-12 09:36:28",
"2022-04-12 04:06:12 UTC","2022-04-12 09:36:12",
"2022-04-12 04:06:06 UTC","2022-04-12 09:36:06",
"2022-04-12 04:03:10 UTC","2022-04-12 09:33:10",
"2022-04-12 03:59:45 UTC","2022-04-12 09:29:45",
"2022-04-12 03:59:42 UTC","2022-04-12 09:29:42",6da1681004912416bb0016ab18a2fb2f
"2022-04-12 03:58:39 UTC","2022-04-12 09:28:39",06bd6ebc6c39eae3d078b9be68ea47fb
"2022-04-12 03:57:42 UTC","2022-04-12 09:27:42",60b28cc9a90045b62a5a09e3bd2eb6ba
"2022-04-12 03:55:45 UTC","2022-04-12 09:25:45",
"2022-04-12 03:55:42 UTC","2022-04-12 09:25:42",56d5764ebc04525ae4dc6a4350d5213f
"2022-04-12 03:55:11 UTC","2022-04-12 09:25:11",d1de92c3b7fb309ec92b4e7d83eebe13
"2022-04-12 03:54:30 UTC","2022-04-12 09:24:30",4a4dbd78dba85479929a84ffa0c37efb
"2022-04-12 03:54:27 UTC","2022-04-12 09:24:27",
"2022-04-12 03:54:06 UTC","2022-04-12 09:24:06",4a4dbd78dba85479929a84ffa0c37efb
"2022-04-12 03:53:58 UTC","2022-04-12 09:23:58",
"2022-04-12 03:53:55 UTC","2022-04-12 09:23:55",
"2022-04-12 03:52:29 UTC","2022-04-12 09:22:29",
"2022-04-12 03:52:19 UTC","2022-04-12 09:22:19",
"2022-04-12 03:51:30 UTC","2022-04-12 09:21:30",
"2022-04-12 03:50:34 UTC","2022-04-12 09:20:34",6da1681004912416bb0016ab18a2fb2f
"2022-04-12 03:50:05 UTC","2022-04-12 09:20:05",
"2022-04-12 03:49:54 UTC","2022-04-12 09:19:54",
"2022-04-12 03:49:25 UTC","2022-04-12 09:19:25",
"2022-04-12 03:49:17 UTC","2022-04-12 09:19:17",f25ac214a9fe1cfaf30ce4811279522c
"2022-04-12 03:48:55 UTC","2022-04-12 09:18:55",ac43069f64fc2b2136dd059097fe5e2e
"2022-04-12 03:48:28 UTC","2022-04-12 09:18:28",
"2022-04-12 03:48:19 UTC","2022-04-12 09:18:19",b36eb97aa4435a92dfb2555e73793012
"2022-04-12 03:48:17 UTC","2022-04-12 09:18:17",b36eb97aa4435a92dfb2555e73793012
"2022-04-12 03:48:15 UTC","2022-04-12 09:18:15",
"2022-04-12 03:48:11 UTC","2022-04-12 09:18:11",b36eb97aa4435a92dfb2555e73793012
"2022-04-12 03:48:10 UTC","2022-04-12 09:18:10",b36eb97aa4435a92dfb2555e73793012
"2022-04-12 03:48:09 UTC","2022-04-12 09:18:09",
"2022-04-12 03:48:05 UTC","2022-04-12 09:18:05",
"2022-04-12 03:47:47 UTC","2022-04-12 09:17:47",
"2022-04-12 03:47:45 UTC","2022-04-12 09:17:45",b36eb97aa4435a92dfb2555e73793012
"2022-04-12 03:47:28 UTC","2022-04-12 09:17:28",b36eb97aa4435a92dfb2555e73793012
"2022-04-12 03:47:26 UTC","2022-04-12 09:17:26",b36eb97aa4435a92dfb2555e73793012
"2022-04-12 03:47:24 UTC","2022-04-12 09:17:24",
"2022-04-12 03:47:23 UTC","2022-04-12 09:17:23",b36eb97aa4435a92dfb2555e73793012
"2022-04-12 03:47:21 UTC","2022-04-12 09:17:21",b36eb97aa4435a92dfb2555e73793012
"2022-04-12 03:47:14 UTC","2022-04-12 09:17:14",6da1681004912416bb0016ab18a2fb2f
"2022-04-12 03:47:14 UTC","2022-04-12 09:17:14",
"2022-04-12 03:47:12 UTC","2022-04-12 09:17:12",
"2022-04-12 03:47:10 UTC","2022-04-12 09:17:10",
"2022-04-12 03:47:09 UTC","2022-04-12 09:17:09",
"2022-04-12 03:47:06 UTC","2022-04-12 09:17:06",
"2022-04-12 03:47:04 UTC","2022-04-12 09:17:04",
"2022-04-12 03:47:03 UTC","2022-04-12 09:17:03",
"2022-04-12 03:47:00 UTC","2022-04-12 09:17:00",b36eb97aa4435a92dfb2555e73793012
"2022-04-12 03:46:55 UTC","2022-04-12 09:16:55",b36eb97aa4435a92dfb2555e73793012
"2022-04-12 03:42:35 UTC","2022-04-12 09:12:35",fd2a56b78bfb48211929e8cedf39ed75
"2022-04-12 03:42:29 UTC","2022-04-12 09:12:29",6da1681004912416bb0016ab18a2fb2f
"2022-04-12 03:42:28 UTC","2022-04-12 09:12:28",fd2a56b78bfb48211929e8cedf39ed75
"2022-04-12 03:42:16 UTC","2022-04-12 09:12:16",
"2022-04-12 03:42:01 UTC","2022-04-12 09:12:01",f8164938fee04a149d5a0e636061ef83
"2022-04-12 03:41:57 UTC","2022-04-12 09:11:57",f8164938fee04a149d5a0e636061ef83
"2022-04-12 03:41:54 UTC","2022-04-12 09:11:54",f8164938fee04a149d5a0e636061ef83
"2022-04-12 03:41:50 UTC","2022-04-12 09:11:50",
"2022-04-12 03:41:33 UTC","2022-04-12 09:11:33",64ef81e5937dc8b2e42f0e950edc5d88
"2022-04-12 03:40:45 UTC","2022-04-12 09:10:45",
"2022-04-12 03:39:39 UTC","2022-04-12 09:09:39",6da1681004912416bb0016ab18a2fb2f
"2022-04-12 03:39:39 UTC","2022-04-12 09:09:39",3ae556a0dda720509323c9c15c2302fa
"2022-04-12 03:39:03 UTC","2022-04-12 09:09:03",6da1681004912416bb0016ab18a2fb2f
"2022-04-12 03:39:00 UTC","2022-04-12 09:09:00",6da1681004912416bb0016ab18a2fb2f
"2022-04-12 03:38:54 UTC","2022-04-12 09:08:54",6da1681004912416bb0016ab18a2fb2f
"2022-04-12 03:38:53 UTC","2022-04-12 09:08:53",3ae556a0dda720509323c9c15c2302fa
"2022-04-12 03:38:48 UTC","2022-04-12 09:08:48",6da1681004912416bb0016ab18a2fb2f
"2022-04-12 03:38:17 UTC","2022-04-12 09:08:17",
"2022-04-12 03:37:54 UTC","2022-04-12 09:07:54",3b1a3da1f71aef0a96145b38c7f6318a
"2022-04-12 03:37:17 UTC","2022-04-12 09:07:17",5576a3638b7b941b32debfff8c034e3c
"2022-04-12 03:37:01 UTC","2022-04-12 09:07:01",
"2022-04-12 03:35:45 UTC","2022-04-12 09:05:45",f8164938fee04a149d5a0e636061ef83
"2022-04-12 03:35:42 UTC","2022-04-12 09:05:42",f8164938fee04a149d5a0e636061ef83
"2022-04-12 03:35:30 UTC","2022-04-12 09:05:30",f8164938fee04a149d5a0e636061ef83
"2022-04-12 03:35:19 UTC","2022-04-12 09:05:19",f8164938fee04a149d5a0e636061ef83
"2022-04-12 03:35:18 UTC","2022-04-12 09:05:18",f8164938fee04a149d5a0e636061ef83
"2022-04-12 03:35:17 UTC","2022-04-12 09:05:17",f8164938fee04a149d5a0e636061ef83
"2022-04-12 03:35:16 UTC","2022-04-12 09:05:16",f8164938fee04a149d5a0e636061ef83
"2022-04-12 03:35:15 UTC","2022-04-12 09:05:15",f8164938fee04a149d5a0e636061ef83
"2022-04-12 03:35:14 UTC","2022-04-12 09:05:14",f8164938fee04a149d5a0e636061ef83
"2022-04-12 03:35:13 UTC","2022-04-12 09:05:13",f8164938fee04a149d5a0e636061ef83
"2022-04-12 03:35:13 UTC","2022-04-12 09:05:13",f8164938fee04a149d5a0e636061ef83
"2022-04-12 03:35:12 UTC","2022-04-12 09:05:12",f8164938fee04a149d5a0e636061ef83
"2022-04-12 03:35:11 UTC","2022-04-12 09:05:11",f8164938fee04a149d5a0e636061ef83
"2022-04-12 03:35:10 UTC","2022-04-12 09:05:10",f8164938fee04a149d5a0e636061ef83
"2022-04-12 03:35:09 UTC","2022-04-12 09:05:09",f8164938fee04a149d5a0e636061ef83
"2022-04-12 03:35:08 UTC","2022-04-12 09:05:08",f8164938fee04a149d5a0e636061ef83
"2022-04-12 03:35:07 UTC","2022-04-12 09:05:07",f8164938fee04a149d5a0e636061ef83
"2022-04-12 03:35:06 UTC","2022-04-12 09:05:06",f8164938fee04a149d5a0e636061ef83
"2022-04-12 03:35:05 UTC","2022-04-12 09:05:05",f8164938fee04a149d5a0e636061ef83
"2022-04-12 03:35:04 UTC","2022-04-12 09:05:04",f8164938fee04a149d5a0e636061ef83
"2022-04-12 03:35:04 UTC","2022-04-12 09:05:04",f8164938fee04a149d5a0e636061ef83
"2022-04-12 03:35:03 UTC","2022-04-12 09:05:03",f8164938fee04a149d5a0e636061ef83
"2022-04-12 03:35:02 UTC","2022-04-12 09:05:02",f8164938fee04a149d5a0e636061ef83
"2022-04-12 03:35:01 UTC","2022-04-12 09:05:01",f8164938fee04a149d5a0e636061ef83
"2022-04-12 03:35:00 UTC","2022-04-12 09:05:00",f8164938fee04a149d5a0e636061ef83
"2022-04-12 03:34:59 UTC","2022-04-12 09:04:59",f8164938fee04a149d5a0e636061ef83
"2022-04-12 03:34:58 UTC","2022-04-12 09:04:58",f8164938fee04a149d5a0e636061ef83
"2022-04-12 03:34:58 UTC","2022-04-12 09:04:58",f8164938fee04a149d5a0e636061ef83
"2022-04-12 03:34:57 UTC","2022-04-12 09:04:57",f8164938fee04a149d5a0e636061ef83
"2022-04-12 03:34:56 UTC","2022-04-12 09:04:56",f8164938fee04a149d5a0e636061ef83
"2022-04-12 03:34:55 UTC","2022-04-12 09:04:55",f8164938fee04a149d5a0e636061ef83
"2022-04-12 03:34:54 UTC","2022-04-12 09:04:54",f8164938fee04a149d5a0e636061ef83
"2022-04-12 03:34:53 UTC","2022-04-12 09:04:53",f8164938fee04a149d5a0e636061ef83
"2022-04-12 03:34:52 UTC","2022-04-12 09:04:52",
"2022-04-12 03:34:52 UTC","2022-04-12 09:04:52",f8164938fee04a149d5a0e636061ef83
"2022-04-12 03:34:51 UTC","2022-04-12 09:04:51",f8164938fee04a149d5a0e636061ef83
"2022-04-12 03:34:50 UTC","2022-04-12 09:04:50",f8164938fee04a149d5a0e636061ef83
"2022-04-12 03:34:49 UTC","2022-04-12 09:04:49",f8164938fee04a149d5a0e636061ef83
"2022-04-12 03:34:49 UTC","2022-04-12 09:04:49",f8164938fee04a149d5a0e636061ef83
"2022-04-12 03:34:48 UTC","2022-04-12 09:04:48",f8164938fee04a149d5a0e636061ef83
"2022-04-12 03:34:47 UTC","2022-04-12 09:04:47",f8164938fee04a149d5a0e636061ef83
"2022-04-12 03:34:46 UTC","2022-04-12 09:04:46",f8164938fee04a149d5a0e636061ef83
"2022-04-12 03:34:45 UTC","2022-04-12 09:04:45",f8164938fee04a149d5a0e636061ef83
"2022-04-12 03:34:44 UTC","2022-04-12 09:04:44",f8164938fee04a149d5a0e636061ef83
"2022-04-12 03:34:43 UTC","2022-04-12 09:04:43",f8164938fee04a149d5a0e636061ef83
"2022-04-12 03:34:42 UTC","2022-04-12 09:04:42",f8164938fee04a149d5a0e636061ef83
"2022-04-12 03:34:41 UTC","2022-04-12 09:04:41",f8164938fee04a149d5a0e636061ef83
"2022-04-12 03:34:40 UTC","2022-04-12 09:04:40",f8164938fee04a149d5a0e636061ef83
"2022-04-12 03:34:40 UTC","2022-04-12 09:04:40",f8164938fee04a149d5a0e636061ef83
"2022-04-12 03:34:39 UTC","2022-04-12 09:04:39",f8164938fee04a149d5a0e636061ef83
"2022-04-12 03:34:38 UTC","2022-04-12 09:04:38",f8164938fee04a149d5a0e636061ef83
"2022-04-12 03:34:37 UTC","2022-04-12 09:04:37",f8164938fee04a149d5a0e636061ef83
"2022-04-12 03:34:36 UTC","2022-04-12 09:04:36",f8164938fee04a149d5a0e636061ef83
"2022-04-12 03:34:35 UTC","2022-04-12 09:04:35",f8164938fee04a149d5a0e636061ef83
"2022-04-12 03:34:35 UTC","2022-04-12 09:04:35",f8164938fee04a149d5a0e636061ef83
"2022-04-12 03:34:34 UTC","2022-04-12 09:04:34",f8164938fee04a149d5a0e636061ef83
"2022-04-12 03:34:33 UTC","2022-04-12 09:04:33",f8164938fee04a149d5a0e636061ef83
"2022-04-12 03:34:32 UTC","2022-04-12 09:04:32",f8164938fee04a149d5a0e636061ef83
"2022-04-12 03:34:31 UTC","2022-04-12 09:04:31",f8164938fee04a149d5a0e636061ef83
"2022-04-12 03:34:30 UTC","2022-04-12 09:04:30",f8164938fee04a149d5a0e636061ef83
"2022-04-12 03:34:29 UTC","2022-04-12 09:04:29",f8164938fee04a149d5a0e636061ef83
"2022-04-12 03:34:28 UTC","2022-04-12 09:04:28",f8164938fee04a149d5a0e636061ef83
"2022-04-12 03:34:28 UTC","2022-04-12 09:04:28",f8164938fee04a149d5a0e636061ef83
"2022-04-12 03:34:27 UTC","2022-04-12 09:04:27",f8164938fee04a149d5a0e636061ef83
"2022-04-12 03:34:26 UTC","2022-04-12 09:04:26",f8164938fee04a149d5a0e636061ef83
"2022-04-12 03:34:25 UTC","2022-04-12 09:04:25",f8164938fee04a149d5a0e636061ef83
"2022-04-12 03:34:24 UTC","2022-04-12 09:04:24",f8164938fee04a149d5a0e636061ef83
"2022-04-12 03:34:23 UTC","2022-04-12 09:04:23",f8164938fee04a149d5a0e636061ef83
"2022-04-12 03:34:22 UTC","2022-04-12 09:04:22",f8164938fee04a149d5a0e636061ef83
"2022-04-12 03:34:22 UTC","2022-04-12 09:04:22",f8164938fee04a149d5a0e636061ef83
"2022-04-12 03:34:21 UTC","2022-04-12 09:04:21",f8164938fee04a149d5a0e636061ef83
"2022-04-12 03:34:20 UTC","2022-04-12 09:04:20",f8164938fee04a149d5a0e636061ef83
"2022-04-12 03:34:19 UTC","2022-04-12 09:04:19",f8164938fee04a149d5a0e636061ef83
"2022-04-12 03:34:18 UTC","2022-04-12 09:04:18",f8164938fee04a149d5a0e636061ef83
"2022-04-12 03:34:17 UTC","2022-04-12 09:04:17",f8164938fee04a149d5a0e636061ef83
"2022-04-12 03:34:16 UTC","2022-04-12 09:04:16",f8164938fee04a149d5a0e636061ef83
"2022-04-12 03:34:15 UTC","2022-04-12 09:04:15",f8164938fee04a149d5a0e636061ef83
"2022-04-12 03:34:15 UTC","2022-04-12 09:04:15",f8164938fee04a149d5a0e636061ef83
"2022-04-12 03:34:14 UTC","2022-04-12 09:04:14",f8164938fee04a149d5a0e636061ef83
"2022-04-12 03:34:13 UTC","2022-04-12 09:04:13",f8164938fee04a149d5a0e636061ef83
"2022-04-12 03:34:12 UTC","2022-04-12 09:04:12",f8164938fee04a149d5a0e636061ef83
"2022-04-12 03:34:12 UTC","2022-04-12 09:04:12",f41c65e8925a8c3396b72b6086754130
"2022-04-12 03:34:11 UTC","2022-04-12 09:04:11",f8164938fee04a149d5a0e636061ef83
"2022-04-12 03:34:11 UTC","2022-04-12 09:04:11",f8164938fee04a149d5a0e636061ef83
"2022-04-12 03:34:10 UTC","2022-04-12 09:04:10",f8164938fee04a149d5a0e636061ef83
"2022-04-12 03:34:09 UTC","2022-04-12 09:04:09",f8164938fee04a149d5a0e636061ef83
"2022-04-12 03:34:08 UTC","2022-04-12 09:04:08",f8164938fee04a149d5a0e636061ef83
"2022-04-12 03:34:07 UTC","2022-04-12 09:04:07",f8164938fee04a149d5a0e636061ef83
"2022-04-12 03:34:06 UTC","2022-04-12 09:04:06",f8164938fee04a149d5a0e636061ef83
"2022-04-12 03:34:05 UTC","2022-04-12 09:04:05",f8164938fee04a149d5a0e636061ef83
"2022-04-12 03:34:04 UTC","2022-04-12 09:04:04",f8164938fee04a149d5a0e636061ef83
"2022-04-12 03:34:03 UTC","2022-04-12 09:04:03",f8164938fee04a149d5a0e636061ef83
"2022-04-12 03:34:03 UTC","2022-04-12 09:04:03",f8164938fee04a149d5a0e636061ef83
"2022-04-12 03:34:02 UTC","2022-04-12 09:04:02",f8164938fee04a149d5a0e636061ef83
"2022-04-12 03:34:01 UTC","2022-04-12 09:04:01",f8164938fee04a149d5a0e636061ef83
"2022-04-12 03:34:00 UTC","2022-04-12 09:04:00",f8164938fee04a149d5a0e636061ef83
"2022-04-12 03:33:59 UTC","2022-04-12 09:03:59",f8164938fee04a149d5a0e636061ef83
"2022-04-12 03:33:58 UTC","2022-04-12 09:03:58",f8164938fee04a149d5a0e636061ef83
"2022-04-12 03:33:57 UTC","2022-04-12 09:03:57",f8164938fee04a149d5a0e636061ef83
"2022-04-12 03:33:56 UTC","2022-04-12 09:03:56",f8164938fee04a149d5a0e636061ef83
"2022-04-12 03:33:55 UTC","2022-04-12 09:03:55",f8164938fee04a149d5a0e636061ef83
"2022-04-12 03:33:55 UTC","2022-04-12 09:03:55",f8164938fee04a149d5a0e636061ef83
"2022-04-12 03:33:54 UTC","2022-04-12 09:03:54",f8164938fee04a149d5a0e636061ef83
"2022-04-12 03:33:53 UTC","2022-04-12 09:03:53",f8164938fee04a149d5a0e636061ef83
"2022-04-12 03:33:52 UTC","2022-04-12 09:03:52",f8164938fee04a149d5a0e636061ef83
"2022-04-12 03:33:51 UTC","2022-04-12 09:03:51",f8164938fee04a149d5a0e636061ef83
"2022-04-12 03:33:50 UTC","2022-04-12 09:03:50",f8164938fee04a149d5a0e636061ef83
"2022-04-12 03:33:49 UTC","2022-04-12 09:03:49",f8164938fee04a149d5a0e636061ef83
"2022-04-12 03:33:48 UTC","2022-04-12 09:03:48",f8164938fee04a149d5a0e636061ef83
"2022-04-12 03:33:48 UTC","2022-04-12 09:03:48",f8164938fee04a149d5a0e636061ef83
"2022-04-12 03:33:47 UTC","2022-04-12 09:03:47",f8164938fee04a149d5a0e636061ef83
"2022-04-12 03:33:46 UTC","2022-04-12 09:03:46",f8164938fee04a149d5a0e636061ef83
"2022-04-12 03:33:45 UTC","2022-04-12 09:03:45",f8164938fee04a149d5a0e636061ef83
"2022-04-12 03:33:44 UTC","2022-04-12 09:03:44",f8164938fee04a149d5a0e636061ef83
"2022-04-12 03:33:44 UTC","2022-04-12 09:03:44",f8164938fee04a149d5a0e636061ef83
"2022-04-12 03:33:43 UTC","2022-04-12 09:03:43",f8164938fee04a149d5a0e636061ef83
"2022-04-12 03:33:42 UTC","2022-04-12 09:03:42",f8164938fee04a149d5a0e636061ef83
"2022-04-12 03:33:41 UTC","2022-04-12 09:03:41",f8164938fee04a149d5a0e636061ef83
"2022-04-12 03:33:40 UTC","2022-04-12 09:03:40",f8164938fee04a149d5a0e636061ef83
"2022-04-12 03:33:39 UTC","2022-04-12 09:03:39",f8164938fee04a149d5a0e636061ef83
"2022-04-12 03:33:38 UTC","2022-04-12 09:03:38",f8164938fee04a149d5a0e636061ef83
"2022-04-12 03:33:37 UTC","2022-04-12 09:03:37",f8164938fee04a149d5a0e636061ef83
"2022-04-12 03:33:36 UTC","2022-04-12 09:03:36",f8164938fee04a149d5a0e636061ef83
"2022-04-12 03:33:36 UTC","2022-04-12 09:03:36",f8164938fee04a149d5a0e636061ef83
"2022-04-12 03:33:35 UTC","2022-04-12 09:03:35",f8164938fee04a149d5a0e636061ef83
"2022-04-12 03:33:34 UTC","2022-04-12 09:03:34",f8164938fee04a149d5a0e636061ef83
"2022-04-12 03:33:33 UTC","2022-04-12 09:03:33",f8164938fee04a149d5a0e636061ef83
"2022-04-12 03:33:32 UTC","2022-04-12 09:03:32",f8164938fee04a149d5a0e636061ef83
"2022-04-12 03:33:31 UTC","2022-04-12 09:03:31",f8164938fee04a149d5a0e636061ef83
"2022-04-12 03:33:30 UTC","2022-04-12 09:03:30",f8164938fee04a149d5a0e636061ef83
"2022-04-12 03:33:29 UTC","2022-04-12 09:03:29",f8164938fee04a149d5a0e636061ef83
"2022-04-12 03:33:29 UTC","2022-04-12 09:03:29",f8164938fee04a149d5a0e636061ef83
"2022-04-12 03:33:28 UTC","2022-04-12 09:03:28",f8164938fee04a149d5a0e636061ef83
"2022-04-12 03:33:27 UTC","2022-04-12 09:03:27",f8164938fee04a149d5a0e636061ef83
"2022-04-12 03:33:26 UTC","2022-04-12 09:03:26",f8164938fee04a149d5a0e636061ef83
"2022-04-12 03:33:25 UTC","2022-04-12 09:03:25",f8164938fee04a149d5a0e636061ef83
"2022-04-12 03:33:24 UTC","2022-04-12 09:03:24",f8164938fee04a149d5a0e636061ef83
"2022-04-12 03:33:23 UTC","2022-04-12 09:03:23",f8164938fee04a149d5a0e636061ef83
"2022-04-12 03:33:22 UTC","2022-04-12 09:03:22",f8164938fee04a149d5a0e636061ef83
"2022-04-12 03:33:21 UTC","2022-04-12 09:03:21",f8164938fee04a149d5a0e636061ef83
"2022-04-12 03:33:20 UTC","2022-04-12 09:03:20",f8164938fee04a149d5a0e636061ef83
"2022-04-12 03:33:15 UTC","2022-04-12 09:03:15",f8164938fee04a149d5a0e636061ef83
"2022-04-12 03:33:14 UTC","2022-04-12 09:03:14",f8164938fee04a149d5a0e636061ef83
"2022-04-12 03:33:13 UTC","2022-04-12 09:03:13",f8164938fee04a149d5a0e636061ef83
"2022-04-12 03:33:12 UTC","2022-04-12 09:03:12",f8164938fee04a149d5a0e636061ef83
"2022-04-12 03:33:11 UTC","2022-04-12 09:03:11",f8164938fee04a149d5a0e636061ef83
"2022-04-12 03:33:10 UTC","2022-04-12 09:03:10",f8164938fee04a149d5a0e636061ef83
"2022-04-12 03:33:09 UTC","2022-04-12 09:03:09",f8164938fee04a149d5a0e636061ef83
"2022-04-12 03:33:08 UTC","2022-04-12 09:03:08",f8164938fee04a149d5a0e636061ef83
"2022-04-12 03:33:08 UTC","2022-04-12 09:03:08",f8164938fee04a149d5a0e636061ef83
"2022-04-12 03:33:07 UTC","2022-04-12 09:03:07",f8164938fee04a149d5a0e636061ef83
"2022-04-12 03:33:06 UTC","2022-04-12 09:03:06",f8164938fee04a149d5a0e636061ef83
"2022-04-12 03:33:05 UTC","2022-04-12 09:03:05",f8164938fee04a149d5a0e636061ef83
"2022-04-12 03:33:04 UTC","2022-04-12 09:03:04",f8164938fee04a149d5a0e636061ef83
"2022-04-12 03:33:04 UTC","2022-04-12 09:03:04",f8164938fee04a149d5a0e636061ef83
"2022-04-12 03:33:03 UTC","2022-04-12 09:03:03",f8164938fee04a149d5a0e636061ef83
"2022-04-12 03:33:02 UTC","2022-04-12 09:03:02",f8164938fee04a149d5a0e636061ef83
"2022-04-12 03:33:01 UTC","2022-04-12 09:03:01",f8164938fee04a149d5a0e636061ef83
"2022-04-12 03:33:00 UTC","2022-04-12 09:03:00",f8164938fee04a149d5a0e636061ef83
"2022-04-12 03:32:59 UTC","2022-04-12 09:02:59",f8164938fee04a149d5a0e636061ef83
"2022-04-12 03:32:59 UTC","2022-04-12 09:02:59",f8164938fee04a149d5a0e636061ef83
"2022-04-12 03:32:58 UTC","2022-04-12 09:02:58",f8164938fee04a149d5a0e636061ef83
"2022-04-12 03:32:57 UTC","2022-04-12 09:02:57",f8164938fee04a149d5a0e636061ef83
"2022-04-12 03:32:56 UTC","2022-04-12 09:02:56",f8164938fee04a149d5a0e636061ef83
"2022-04-12 03:32:55 UTC","2022-04-12 09:02:55",f8164938fee04a149d5a0e636061ef83
"2022-04-12 03:32:54 UTC","2022-04-12 09:02:54",f8164938fee04a149d5a0e636061ef83
"2022-04-12 03:32:54 UTC","2022-04-12 09:02:54",f8164938fee04a149d5a0e636061ef83
"2022-04-12 03:32:54 UTC","2022-04-12 09:02:54",78df32fa3ec68129f96b7917a5f6bd93
"2022-04-12 03:32:53 UTC","2022-04-12 09:02:53",f8164938fee04a149d5a0e636061ef83
"2022-04-12 03:32:52 UTC","2022-04-12 09:02:52",f8164938fee04a149d5a0e636061ef83
"2022-04-12 03:32:51 UTC","2022-04-12 09:02:51",f8164938fee04a149d5a0e636061ef83
"2022-04-12 03:32:51 UTC","2022-04-12 09:02:51",78df32fa3ec68129f96b7917a5f6bd93
"2022-04-12 03:32:50 UTC","2022-04-12 09:02:50",f8164938fee04a149d5a0e636061ef83
"2022-04-12 03:32:49 UTC","2022-04-12 09:02:49",f8164938fee04a149d5a0e636061ef83
"2022-04-12 03:32:48 UTC","2022-04-12 09:02:48",f8164938fee04a149d5a0e636061ef83
"2022-04-12 03:32:47 UTC","2022-04-12 09:02:47",f8164938fee04a149d5a0e636061ef83
"2022-04-12 03:32:47 UTC","2022-04-12 09:02:47",f8164938fee04a149d5a0e636061ef83
"2022-04-12 03:32:46 UTC","2022-04-12 09:02:46",f8164938fee04a149d5a0e636061ef83
"2022-04-12 03:32:45 UTC","2022-04-12 09:02:45",f8164938fee04a149d5a0e636061ef83
"2022-04-12 03:32:44 UTC","2022-04-12 09:02:44",f8164938fee04a149d5a0e636061ef83
"2022-04-12 03:32:43 UTC","2022-04-12 09:02:43",f8164938fee04a149d5a0e636061ef83
"2022-04-12 03:32:42 UTC","2022-04-12 09:02:42",
"2022-04-12 03:32:42 UTC","2022-04-12 09:02:42",f8164938fee04a149d5a0e636061ef83
"2022-04-12 03:32:41 UTC","2022-04-12 09:02:41",f8164938fee04a149d5a0e636061ef83
"2022-04-12 03:32:41 UTC","2022-04-12 09:02:41",f8164938fee04a149d5a0e636061ef83
"2022-04-12 03:32:40 UTC","2022-04-12 09:02:40",f8164938fee04a149d5a0e636061ef83
"2022-04-12 03:32:39 UTC","2022-04-12 09:02:39",f8164938fee04a149d5a0e636061ef83
"2022-04-12 03:32:38 UTC","2022-04-12 09:02:38",f8164938fee04a149d5a0e636061ef83
"2022-04-12 03:32:37 UTC","2022-04-12 09:02:37",f8164938fee04a149d5a0e636061ef83
"2022-04-12 03:32:36 UTC","2022-04-12 09:02:36",f8164938fee04a149d5a0e636061ef83
"2022-04-12 03:32:36 UTC","2022-04-12 09:02:36",f8164938fee04a149d5a0e636061ef83
"2022-04-12 03:32:35 UTC","2022-04-12 09:02:35",f8164938fee04a149d5a0e636061ef83
"2022-04-12 03:32:34 UTC","2022-04-12 09:02:34",f8164938fee04a149d5a0e636061ef83
"2022-04-12 03:32:33 UTC","2022-04-12 09:02:33",f8164938fee04a149d5a0e636061ef83
"2022-04-12 03:32:32 UTC","2022-04-12 09:02:32",f8164938fee04a149d5a0e636061ef83
"2022-04-12 03:32:31 UTC","2022-04-12 09:02:31",f8164938fee04a149d5a0e636061ef83
"2022-04-12 03:32:31 UTC","2022-04-12 09:02:31",f8164938fee04a149d5a0e636061ef83
"2022-04-12 03:32:30 UTC","2022-04-12 09:02:30",f8164938fee04a149d5a0e636061ef83
"2022-04-12 03:32:29 UTC","2022-04-12 09:02:29",f8164938fee04a149d5a0e636061ef83
"2022-04-12 03:32:28 UTC","2022-04-12 09:02:28",f8164938fee04a149d5a0e636061ef83
"2022-04-12 03:32:27 UTC","2022-04-12 09:02:27",f8164938fee04a149d5a0e636061ef83
"2022-04-12 03:32:27 UTC","2022-04-12 09:02:27",f8164938fee04a149d5a0e636061ef83
"2022-04-12 03:32:26 UTC","2022-04-12 09:02:26",f8164938fee04a149d5a0e636061ef83
"2022-04-12 03:32:25 UTC","2022-04-12 09:02:25",f8164938fee04a149d5a0e636061ef83
"2022-04-12 03:32:24 UTC","2022-04-12 09:02:24",f8164938fee04a149d5a0e636061ef83
"2022-04-12 03:32:23 UTC","2022-04-12 09:02:23",f8164938fee04a149d5a0e636061ef83
"2022-04-12 03:32:22 UTC","2022-04-12 09:02:22",f8164938fee04a149d5a0e636061ef83
"2022-04-12 03:32:22 UTC","2022-04-12 09:02:22",f8164938fee04a149d5a0e636061ef83
"2022-04-12 03:32:21 UTC","2022-04-12 09:02:21",f8164938fee04a149d5a0e636061ef83
"2022-04-12 03:32:20 UTC","2022-04-12 09:02:20",f8164938fee04a149d5a0e636061ef83
"2022-04-12 03:32:19 UTC","2022-04-12 09:02:19",f8164938fee04a149d5a0e636061ef83
"2022-04-12 03:32:18 UTC","2022-04-12 09:02:18",f8164938fee04a149d5a0e636061ef83
"2022-04-12 03:32:17 UTC","2022-04-12 09:02:17",f8164938fee04a149d5a0e636061ef83
"2022-04-12 03:32:17 UTC","2022-04-12 09:02:17",f8164938fee04a149d5a0e636061ef83
"2022-04-12 03:32:16 UTC","2022-04-12 09:02:16",f8164938fee04a149d5a0e636061ef83
"2022-04-12 03:32:11 UTC","2022-04-12 09:02:11",f8164938fee04a149d5a0e636061ef83
"2022-04-12 03:32:10 UTC","2022-04-12 09:02:10",f8164938fee04a149d5a0e636061ef83
"2022-04-12 03:32:09 UTC","2022-04-12 09:02:09",f8164938fee04a149d5a0e636061ef83
"2022-04-12 03:32:08 UTC","2022-04-12 09:02:08",f8164938fee04a149d5a0e636061ef83
"2022-04-12 03:32:07 UTC","2022-04-12 09:02:07",f8164938fee04a149d5a0e636061ef83
"2022-04-12 03:32:06 UTC","2022-04-12 09:02:06",f8164938fee04a149d5a0e636061ef83
"2022-04-12 03:32:05 UTC","2022-04-12 09:02:05",f8164938fee04a149d5a0e636061ef83
"2022-04-12 03:32:05 UTC","2022-04-12 09:02:05",f8164938fee04a149d5a0e636061ef83
"2022-04-12 03:32:04 UTC","2022-04-12 09:02:04",f8164938fee04a149d5a0e636061ef83
"2022-04-12 03:32:03 UTC","2022-04-12 09:02:03",f8164938fee04a149d5a0e636061ef83
"2022-04-12 03:32:02 UTC","2022-04-12 09:02:02",f8164938fee04a149d5a0e636061ef83
"2022-04-12 03:32:01 UTC","2022-04-12 09:02:01",f8164938fee04a149d5a0e636061ef83
"2022-04-12 03:32:00 UTC","2022-04-12 09:02:00",f8164938fee04a149d5a0e636061ef83
"2022-04-12 03:31:59 UTC","2022-04-12 09:01:59",f8164938fee04a149d5a0e636061ef83
"2022-04-12 03:31:58 UTC","2022-04-12 09:01:58",f8164938fee04a149d5a0e636061ef83
"2022-04-12 03:31:57 UTC","2022-04-12 09:01:57",f8164938fee04a149d5a0e636061ef83
"2022-04-12 03:31:57 UTC","2022-04-12 09:01:57",f8164938fee04a149d5a0e636061ef83
"2022-04-12 03:31:56 UTC","2022-04-12 09:01:56",f8164938fee04a149d5a0e636061ef83
"2022-04-12 03:31:55 UTC","2022-04-12 09:01:55",f8164938fee04a149d5a0e636061ef83
"2022-04-12 03:31:54 UTC","2022-04-12 09:01:54",f8164938fee04a149d5a0e636061ef83
"2022-04-12 03:31:53 UTC","2022-04-12 09:01:53",f8164938fee04a149d5a0e636061ef83
"2022-04-12 03:31:52 UTC","2022-04-12 09:01:52",f8164938fee04a149d5a0e636061ef83
"2022-04-12 03:31:52 UTC","2022-04-12 09:01:52",f8164938fee04a149d5a0e636061ef83
"2022-04-12 03:31:51 UTC","2022-04-12 09:01:51",f8164938fee04a149d5a0e636061ef83
"2022-04-12 03:31:50 UTC","2022-04-12 09:01:50",f8164938fee04a149d5a0e636061ef83
"2022-04-12 03:31:49 UTC","2022-04-12 09:01:49",f8164938fee04a149d5a0e636061ef83
"2022-04-12 03:31:48 UTC","2022-04-12 09:01:48",f8164938fee04a149d5a0e636061ef83
"2022-04-12 03:31:47 UTC","2022-04-12 09:01:47",f8164938fee04a149d5a0e636061ef83
"2022-04-12 03:31:46 UTC","2022-04-12 09:01:46",f8164938fee04a149d5a0e636061ef83
"2022-04-12 03:31:46 UTC","2022-04-12 09:01:46",f8164938fee04a149d5a0e636061ef83
"2022-04-12 03:31:45 UTC","2022-04-12 09:01:45",f8164938fee04a149d5a0e636061ef83
"2022-04-12 03:31:44 UTC","2022-04-12 09:01:44",f8164938fee04a149d5a0e636061ef83
"2022-04-12 03:31:43 UTC","2022-04-12 09:01:43",f8164938fee04a149d5a0e636061ef83
"2022-04-12 03:31:42 UTC","2022-04-12 09:01:42",f8164938fee04a149d5a0e636061ef83
"2022-04-12 03:31:41 UTC","2022-04-12 09:01:41",f8164938fee04a149d5a0e636061ef83
"2022-04-12 03:31:36 UTC","2022-04-12 09:01:36",f8164938fee04a149d5a0e636061ef83
"2022-04-12 03:31:35 UTC","2022-04-12 09:01:35",f8164938fee04a149d5a0e636061ef83
"2022-04-12 03:31:35 UTC","2022-04-12 09:01:35",f8164938fee04a149d5a0e636061ef83
"2022-04-12 03:31:34 UTC","2022-04-12 09:01:34",f8164938fee04a149d5a0e636061ef83
"2022-04-12 03:31:33 UTC","2022-04-12 09:01:33",
"2022-04-12 03:31:33 UTC","2022-04-12 09:01:33",f8164938fee04a149d5a0e636061ef83
"2022-04-12 03:31:32 UTC","2022-04-12 09:01:32",f8164938fee04a149d5a0e636061ef83
"2022-04-12 03:31:31 UTC","2022-04-12 09:01:31",f8164938fee04a149d5a0e636061ef83
"2022-04-12 03:31:30 UTC","2022-04-12 09:01:30",f8164938fee04a149d5a0e636061ef83
"2022-04-12 03:31:29 UTC","2022-04-12 09:01:29",f8164938fee04a149d5a0e636061ef83
"2022-04-12 03:31:29 UTC","2022-04-12 09:01:29",f8164938fee04a149d5a0e636061ef83
"2022-04-12 03:31:28 UTC","2022-04-12 09:01:28",f8164938fee04a149d5a0e636061ef83
"2022-04-12 03:31:27 UTC","2022-04-12 09:01:27",f8164938fee04a149d5a0e636061ef83
"2022-04-12 03:31:26 UTC","2022-04-12 09:01:26",f8164938fee04a149d5a0e636061ef83
"2022-04-12 03:31:25 UTC","2022-04-12 09:01:25",f8164938fee04a149d5a0e636061ef83
"2022-04-12 03:31:24 UTC","2022-04-12 09:01:24",f8164938fee04a149d5a0e636061ef83
"2022-04-12 03:31:23 UTC","2022-04-12 09:01:23",f8164938fee04a149d5a0e636061ef83
"2022-04-12 03:31:23 UTC","2022-04-12 09:01:23",f8164938fee04a149d5a0e636061ef83
"2022-04-12 03:31:22 UTC","2022-04-12 09:01:22",f8164938fee04a149d5a0e636061ef83
"2022-04-12 03:31:21 UTC","2022-04-12 09:01:21",f8164938fee04a149d5a0e636061ef83
"2022-04-12 03:31:20 UTC","2022-04-12 09:01:20",f8164938fee04a149d5a0e636061ef83
"2022-04-12 03:31:19 UTC","2022-04-12 09:01:19",f8164938fee04a149d5a0e636061ef83
"2022-04-12 03:31:18 UTC","2022-04-12 09:01:18",f8164938fee04a149d5a0e636061ef83
"2022-04-12 03:31:17 UTC","2022-04-12 09:01:17",f8164938fee04a149d5a0e636061ef83
"2022-04-12 03:31:17 UTC","2022-04-12 09:01:17",f8164938fee04a149d5a0e636061ef83
"2022-04-12 03:31:16 UTC","2022-04-12 09:01:16",f8164938fee04a149d5a0e636061ef83
"2022-04-12 03:31:15 UTC","2022-04-12 09:01:15",f8164938fee04a149d5a0e636061ef83
"2022-04-12 03:31:02 UTC","2022-04-12 09:01:02",f8164938fee04a149d5a0e636061ef83
"2022-04-12 03:29:42 UTC","2022-04-12 08:59:42",
"2022-04-12 03:28:41 UTC","2022-04-12 08:58:41",
"2022-04-12 03:26:39 UTC","2022-04-12 08:56:39",
"2022-04-12 03:26:38 UTC","2022-04-12 08:56:38",
"2022-04-12 03:25:48 UTC","2022-04-12 08:55:48",
"2022-04-12 03:25:42 UTC","2022-04-12 08:55:42",35b739047f59bcc186bd3fc6833b9503
"2022-04-12 03:25:37 UTC","2022-04-12 08:55:37",
"2022-04-12 03:25:05 UTC","2022-04-12 08:55:05",
"2022-04-12 03:25:03 UTC","2022-04-12 08:55:03",
"2022-04-12 03:23:12 UTC","2022-04-12 08:53:12",46ef89cf0faca910c84c33305885545d
"2022-04-12 03:23:11 UTC","2022-04-12 08:53:11",46ef89cf0faca910c84c33305885545d
"2022-04-12 03:23:10 UTC","2022-04-12 08:53:10",46ef89cf0faca910c84c33305885545d
"2022-04-12 03:23:08 UTC","2022-04-12 08:53:08",46ef89cf0faca910c84c33305885545d
"2022-04-12 03:23:07 UTC","2022-04-12 08:53:07",46ef89cf0faca910c84c33305885545d
"2022-04-12 03:23:06 UTC","2022-04-12 08:53:06",46ef89cf0faca910c84c33305885545d
"2022-04-12 03:23:05 UTC","2022-04-12 08:53:05",46ef89cf0faca910c84c33305885545d
"2022-04-12 03:23:03 UTC","2022-04-12 08:53:03",46ef89cf0faca910c84c33305885545d
"2022-04-12 03:23:01 UTC","2022-04-12 08:53:01",46ef89cf0faca910c84c33305885545d
"2022-04-12 03:23:00 UTC","2022-04-12 08:53:00",46ef89cf0faca910c84c33305885545d
"2022-04-12 03:22:13 UTC","2022-04-12 08:52:13",
"2022-04-12 03:21:18 UTC","2022-04-12 08:51:18",215625d18101935e74708845377ef394
"2022-04-12 03:21:03 UTC","2022-04-12 08:51:03",
"2022-04-12 03:18:42 UTC","2022-04-12 08:48:42",2aaf15aaf43199388554c0b016be459c
"2022-04-12 03:17:47 UTC","2022-04-12 08:47:47",
"2022-04-12 03:16:37 UTC","2022-04-12 08:46:37",786e40388417f0e3df59e75fb625cc8c
"2022-04-12 03:16:27 UTC","2022-04-12 08:46:27",64ff9bd314ae8cb1fed1ba1bc1552883
"2022-04-12 03:15:20 UTC","2022-04-12 08:45:20",786e40388417f0e3df59e75fb625cc8c
"2022-04-12 03:15:15 UTC","2022-04-12 08:45:15",786e40388417f0e3df59e75fb625cc8c
"2022-04-12 03:15:07 UTC","2022-04-12 08:45:07",786e40388417f0e3df59e75fb625cc8c
"2022-04-12 03:14:54 UTC","2022-04-12 08:44:54",a4f31e79c449132bbc197930a21cc1aa
"2022-04-12 03:14:26 UTC","2022-04-12 08:44:26",
"2022-04-12 03:14:16 UTC","2022-04-12 08:44:16",86b5f249f5dcdcd96c7db7b5539ed252
"2022-04-12 03:13:39 UTC","2022-04-12 08:43:39",
"2022-04-12 03:13:37 UTC","2022-04-12 08:43:37",a4f31e79c449132bbc197930a21cc1aa
"2022-04-12 03:12:20 UTC","2022-04-12 08:42:20",17084141e05608128d32fdaf489e419e
"2022-04-12 03:11:38 UTC","2022-04-12 08:41:38",
"2022-04-12 03:11:25 UTC","2022-04-12 08:41:25",1695e8b60964da31864b8d53c1aef1dd
"2022-04-12 03:10:33 UTC","2022-04-12 08:40:33",
"2022-04-12 03:09:59 UTC","2022-04-12 08:39:59",
"2022-04-12 03:09:56 UTC","2022-04-12 08:39:56",
"2022-04-12 03:08:55 UTC","2022-04-12 08:38:55",52835383fd751514bec168f306a2d132
"2022-04-12 03:08:11 UTC","2022-04-12 08:38:11",
"2022-04-12 03:06:34 UTC","2022-04-12 08:36:34",
"2022-04-12 03:06:26 UTC","2022-04-12 08:36:26",
"2022-04-12 03:06:16 UTC","2022-04-12 08:36:16",
"2022-04-12 03:06:07 UTC","2022-04-12 08:36:07",
"2022-04-12 03:06:03 UTC","2022-04-12 08:36:03",
"2022-04-12 03:05:59 UTC","2022-04-12 08:35:59",
"2022-04-12 03:05:56 UTC","2022-04-12 08:35:56",
"2022-04-12 03:05:56 UTC","2022-04-12 08:35:56",2cfc5c1f37f647b2f37d8b2a7a6c7709
"2022-04-12 03:05:50 UTC","2022-04-12 08:35:50",2cfc5c1f37f647b2f37d8b2a7a6c7709
"2022-04-12 03:05:45 UTC","2022-04-12 08:35:45",
"2022-04-12 03:05:41 UTC","2022-04-12 08:35:41",
"2022-04-12 03:04:35 UTC","2022-04-12 08:34:35",
"2022-04-12 03:04:34 UTC","2022-04-12 08:34:34",
"2022-04-12 03:04:32 UTC","2022-04-12 08:34:32",
"2022-04-12 03:04:30 UTC","2022-04-12 08:34:30",
"2022-04-12 03:04:29 UTC","2022-04-12 08:34:29",
"2022-04-12 03:04:27 UTC","2022-04-12 08:34:27",
"2022-04-12 03:04:25 UTC","2022-04-12 08:34:25",
"2022-04-12 03:04:21 UTC","2022-04-12 08:34:21",
"2022-04-12 03:04:06 UTC","2022-04-12 08:34:06",
"2022-04-12 03:04:04 UTC","2022-04-12 08:34:04",2cfc5c1f37f647b2f37d8b2a7a6c7709
"2022-04-12 03:03:59 UTC","2022-04-12 08:33:59",
"2022-04-12 03:02:46 UTC","2022-04-12 08:32:46",
"2022-04-12 03:02:25 UTC","2022-04-12 08:32:25",872c71404db824a8e7cacd56c4178cab
"2022-04-12 03:02:08 UTC","2022-04-12 08:32:08",
"2022-04-12 03:02:05 UTC","2022-04-12 08:32:05",
"2022-04-12 03:01:54 UTC","2022-04-12 08:31:54",872c71404db824a8e7cacd56c4178cab
"2022-04-12 03:01:45 UTC","2022-04-12 08:31:45",
"2022-04-12 03:01:33 UTC","2022-04-12 08:31:33",52835383fd751514bec168f306a2d132
"2022-04-12 03:01:16 UTC","2022-04-12 08:31:16",
"2022-04-12 03:00:51 UTC","2022-04-12 08:30:51",
"2022-04-12 03:00:34 UTC","2022-04-12 08:30:34",
"2022-04-12 03:00:32 UTC","2022-04-12 08:30:32",
"2022-04-12 03:00:30 UTC","2022-04-12 08:30:30",
"2022-04-12 03:00:22 UTC","2022-04-12 08:30:22",cafb4d3c93dd8a3e3eed7b5d3c6345cc
"2022-04-12 03:00:22 UTC","2022-04-12 08:30:22",d84fad99295e654e7546cb686b4bccd7
"2022-04-12 03:00:11 UTC","2022-04-12 08:30:11",8f001089daa8acfe41422878d7cfbab8
"2022-04-12 02:59:57 UTC","2022-04-12 08:29:57",
"2022-04-12 02:59:19 UTC","2022-04-12 08:29:19",
"2022-04-12 02:59:12 UTC","2022-04-12 08:29:12",
"2022-04-12 02:58:57 UTC","2022-04-12 08:28:57",ec4fd437ffba9c96ba26c911f6e70f6a
"2022-04-12 02:58:19 UTC","2022-04-12 08:28:19",ec4fd437ffba9c96ba26c911f6e70f6a
"2022-04-12 02:58:11 UTC","2022-04-12 08:28:11",e193f740b1d8a310d685f27643dba1b3
"2022-04-12 02:53:15 UTC","2022-04-12 08:23:15",637d4e24a873b5298942f8bc80373e35
"2022-04-12 02:52:23 UTC","2022-04-12 08:22:23",
"2022-04-12 02:48:35 UTC","2022-04-12 08:18:35",
"2022-04-12 02:45:19 UTC","2022-04-12 08:15:19",f7273bd71c83863b43ce78b5c0048aff
"2022-04-12 02:39:16 UTC","2022-04-12 08:09:16",70167a92951db0dbaf21f1cc76a88efd
"2022-04-12 02:32:28 UTC","2022-04-12 08:02:28",
"2022-04-12 02:31:49 UTC","2022-04-12 08:01:49",fd5a7873b856148f0f5810f01a2ee2b6
"2022-04-12 02:30:54 UTC","2022-04-12 08:00:54",
"2022-04-12 02:30:30 UTC","2022-04-12 08:00:30",
"2022-04-12 02:30:25 UTC","2022-04-12 08:00:25",
"2022-04-12 02:30:04 UTC","2022-04-12 08:00:04",
"2022-04-12 02:28:49 UTC","2022-04-12 07:58:49",
"2022-04-12 02:27:19 UTC","2022-04-12 07:57:19",
"2022-04-12 02:24:26 UTC","2022-04-12 07:54:26",
"2022-04-12 02:23:45 UTC","2022-04-12 07:53:45",
"2022-04-12 02:22:28 UTC","2022-04-12 07:52:28",f82bf86507759940821fc4d7c6220a77
"2022-04-12 02:19:49 UTC","2022-04-12 07:49:49",
"2022-04-12 02:19:47 UTC","2022-04-12 07:49:47",04820419715d155fc510ca43a6d11c6e
"2022-04-12 02:18:26 UTC","2022-04-12 07:48:26",2384308b31e9b9a7d7d2ecfc3d27d77f
"2022-04-12 02:17:54 UTC","2022-04-12 07:47:54",59715ce9f5729e4ca8e5abf8a7ec82f8
"2022-04-12 02:17:47 UTC","2022-04-12 07:47:47",
"2022-04-12 02:16:49 UTC","2022-04-12 07:46:49",2cb8daa4a94659a5e9a81725fe88399d
"2022-04-12 02:15:19 UTC","2022-04-12 07:45:19",f2e79034eba8324c2dbd70f6c4700ed1
"2022-04-12 02:13:12 UTC","2022-04-12 07:43:12",
"2022-04-12 02:11:57 UTC","2022-04-12 07:41:57",5576a3638b7b941b32debfff8c034e3c
"2022-04-12 02:08:58 UTC","2022-04-12 07:38:58",
"2022-04-12 02:08:26 UTC","2022-04-12 07:38:26",
"2022-04-12 02:08:24 UTC","2022-04-12 07:38:24",
"2022-04-12 02:05:13 UTC","2022-04-12 07:35:13",2384308b31e9b9a7d7d2ecfc3d27d77f
"2022-04-12 02:05:11 UTC","2022-04-12 07:35:11",2384308b31e9b9a7d7d2ecfc3d27d77f
"2022-04-12 02:05:04 UTC","2022-04-12 07:35:04",
"2022-04-12 02:05:01 UTC","2022-04-12 07:35:01",2384308b31e9b9a7d7d2ecfc3d27d77f
"2022-04-12 02:02:03 UTC","2022-04-12 07:32:03",5576a3638b7b941b32debfff8c034e3c
"2022-04-12 01:59:17 UTC","2022-04-12 07:29:17",
"2022-04-12 01:56:02 UTC","2022-04-12 07:26:02",786e40388417f0e3df59e75fb625cc8c
"2022-04-12 01:56:00 UTC","2022-04-12 07:26:00",de8401bcb5a8db3cf5fcd291d48a671d
"2022-04-12 01:55:26 UTC","2022-04-12 07:25:26",d7acc735e404009075afc5523ad4ec38
"2022-04-12 01:54:34 UTC","2022-04-12 07:24:34",06f11aed2c0d1dcdd779f09942818ef4
"2022-04-12 01:54:32 UTC","2022-04-12 07:24:32",
"2022-04-12 01:53:43 UTC","2022-04-12 07:23:43",320664ddca74234dba5fb6e8f0c531b8
"2022-04-12 01:52:47 UTC","2022-04-12 07:22:47",c2cc57c7eeda68b1777825da50cb3b36
"2022-04-12 01:52:22 UTC","2022-04-12 07:22:22",cb79c0a05d3622c4a4a3e271b90b142b
"2022-04-12 01:52:16 UTC","2022-04-12 07:22:16",5fc0cf9f5dedc9eeaf153941f5012a46
"2022-04-12 01:45:01 UTC","2022-04-12 07:15:01",2384308b31e9b9a7d7d2ecfc3d27d77f
"2022-04-12 01:44:58 UTC","2022-04-12 07:14:58",2384308b31e9b9a7d7d2ecfc3d27d77f
"2022-04-12 01:44:51 UTC","2022-04-12 07:14:51",2384308b31e9b9a7d7d2ecfc3d27d77f
"2022-04-12 01:44:47 UTC","2022-04-12 07:14:47",f6edd7b0525ab754bb9c512e4f9e1366
"2022-04-12 01:44:35 UTC","2022-04-12 07:14:35",2384308b31e9b9a7d7d2ecfc3d27d77f
"2022-04-12 01:44:33 UTC","2022-04-12 07:14:33",
"2022-04-12 01:44:31 UTC","2022-04-12 07:14:31",
"2022-04-12 01:44:29 UTC","2022-04-12 07:14:29",2384308b31e9b9a7d7d2ecfc3d27d77f
"2022-04-12 01:44:25 UTC","2022-04-12 07:14:25",
"2022-04-12 01:44:13 UTC","2022-04-12 07:14:13",2384308b31e9b9a7d7d2ecfc3d27d77f
"2022-04-12 01:42:52 UTC","2022-04-12 07:12:52",65caf76348fb4d9701860956eebe8162
"2022-04-12 01:42:17 UTC","2022-04-12 07:12:17",599e8f8d09d8b53f3d344750c8c4df75
"2022-04-12 01:42:15 UTC","2022-04-12 07:12:15",599e8f8d09d8b53f3d344750c8c4df75
"2022-04-12 01:42:15 UTC","2022-04-12 07:12:15",f5be57efda9ca3a6edcc74b89a529539
"2022-04-12 01:39:33 UTC","2022-04-12 07:09:33",b1c6d0a7803f17a6b7afe16a74fc5d05
"2022-04-12 01:39:14 UTC","2022-04-12 07:09:14",de8401bcb5a8db3cf5fcd291d48a671d
"2022-04-12 01:39:00 UTC","2022-04-12 07:09:00",d7e19b8a0650f562cb29c6e18b144bf3
"2022-04-12 01:38:54 UTC","2022-04-12 07:08:54",
"2022-04-12 01:38:52 UTC","2022-04-12 07:08:52",
"2022-04-12 01:33:53 UTC","2022-04-12 07:03:53",
"2022-04-12 01:32:51 UTC","2022-04-12 07:02:51",
"2022-04-12 01:32:07 UTC","2022-04-12 07:02:07",e44a37ac26c41feb4ba67ff4452fdb90
"2022-04-12 01:32:03 UTC","2022-04-12 07:02:03",
"2022-04-12 01:31:28 UTC","2022-04-12 07:01:28",
"2022-04-12 01:31:27 UTC","2022-04-12 07:01:27",
"2022-04-12 01:31:24 UTC","2022-04-12 07:01:24",
"2022-04-12 01:31:21 UTC","2022-04-12 07:01:21",
"2022-04-12 01:31:20 UTC","2022-04-12 07:01:20",
"2022-04-12 01:28:39 UTC","2022-04-12 06:58:39",599e8f8d09d8b53f3d344750c8c4df75
"2022-04-12 01:28:37 UTC","2022-04-12 06:58:37",599e8f8d09d8b53f3d344750c8c4df75
"2022-04-12 01:28:34 UTC","2022-04-12 06:58:34",8a1908b96a2ec5c627c8901573fe83ee
"2022-04-12 01:28:31 UTC","2022-04-12 06:58:31",8a1908b96a2ec5c627c8901573fe83ee
"2022-04-12 01:28:29 UTC","2022-04-12 06:58:29",8a1908b96a2ec5c627c8901573fe83ee
"2022-04-12 01:26:35 UTC","2022-04-12 06:56:35",56a938ed66824f62f5b1f73b6de954c5
"2022-04-12 01:25:35 UTC","2022-04-12 06:55:35",8f50921470e23e2ed431802fc967d2c1
"2022-04-12 01:24:46 UTC","2022-04-12 06:54:46",d21bcb1450da3203d407c8d2e2c37eb4
"2022-04-12 01:23:55 UTC","2022-04-12 06:53:55",f4fa82a0ff44a8837c48d634d38ce9f2
"2022-04-12 01:23:53 UTC","2022-04-12 06:53:53",35f3afe9986b765356cfcf79c6e3ce82
"2022-04-12 01:21:51 UTC","2022-04-12 06:51:51",5ac91eed3cd38e58add0abb08c8f2d21
"2022-04-12 01:21:05 UTC","2022-04-12 06:51:05",
"2022-04-12 01:20:08 UTC","2022-04-12 06:50:08",56a938ed66824f62f5b1f73b6de954c5
"2022-04-12 01:19:44 UTC","2022-04-12 06:49:44",
"2022-04-12 01:19:23 UTC","2022-04-12 06:49:23",56a938ed66824f62f5b1f73b6de954c5
"2022-04-12 01:17:24 UTC","2022-04-12 06:47:24",
"2022-04-12 01:17:00 UTC","2022-04-12 06:47:00",8a1908b96a2ec5c627c8901573fe83ee
"2022-04-12 01:10:18 UTC","2022-04-12 06:40:18",
"2022-04-12 01:10:16 UTC","2022-04-12 06:40:16",055f8ef0770b68004b75bdc635353ab6
"2022-04-12 01:09:24 UTC","2022-04-12 06:39:24",948b94ed7c8114418a3f834c5142e519
"2022-04-12 01:08:21 UTC","2022-04-12 06:38:21",e44a37ac26c41feb4ba67ff4452fdb90
"2022-04-12 01:07:13 UTC","2022-04-12 06:37:13",
"2022-04-12 01:07:10 UTC","2022-04-12 06:37:10",
"2022-04-12 01:07:08 UTC","2022-04-12 06:37:08",
"2022-04-12 01:07:05 UTC","2022-04-12 06:37:05",
"2022-04-12 01:05:45 UTC","2022-04-12 06:35:45",948b94ed7c8114418a3f834c5142e519
"2022-04-12 01:05:27 UTC","2022-04-12 06:35:27",
"2022-04-12 01:04:12 UTC","2022-04-12 06:34:12",
"2022-04-12 01:04:05 UTC","2022-04-12 06:34:05",9293569896e11a77de62b766331bd51f
"2022-04-12 01:03:56 UTC","2022-04-12 06:33:56",9293569896e11a77de62b766331bd51f
"2022-04-12 01:03:02 UTC","2022-04-12 06:33:02",
"2022-04-12 01:01:23 UTC","2022-04-12 06:31:23",
"2022-04-12 00:58:56 UTC","2022-04-12 06:28:56",
"2022-04-12 00:58:03 UTC","2022-04-12 06:28:03",
"2022-04-12 00:53:37 UTC","2022-04-12 06:23:37",59abf2e1616319f6acc5388d02fa6337
"2022-04-12 00:52:23 UTC","2022-04-12 06:22:23",70ece40afe4f6e66116b10d222bc7220
"2022-04-12 00:40:12 UTC","2022-04-12 06:10:12",f6f620d270e22b5a6cd787207e211dbd
"2022-04-12 00:38:55 UTC","2022-04-12 06:08:55",2c0410ce1b94fdf7237355095c0cc621
"2022-04-12 00:38:11 UTC","2022-04-12 06:08:11",
"2022-04-12 00:38:08 UTC","2022-04-12 06:08:08",d292ff833e0ccec687473cb3fe474ab9
"2022-04-12 00:35:53 UTC","2022-04-12 06:05:53",
"2022-04-12 00:33:03 UTC","2022-04-12 06:03:03",ca844af6b01699674d08add814937cbc
"2022-04-12 00:32:59 UTC","2022-04-12 06:02:59",ca844af6b01699674d08add814937cbc
"2022-04-12 00:32:56 UTC","2022-04-12 06:02:56",
"2022-04-12 00:28:09 UTC","2022-04-12 05:58:09",
"2022-04-12 00:27:56 UTC","2022-04-12 05:57:56",
"2022-04-12 00:27:52 UTC","2022-04-12 05:57:52",
"2022-04-12 00:27:49 UTC","2022-04-12 05:57:49",
"2022-04-12 00:27:44 UTC","2022-04-12 05:57:44",
"2022-04-12 00:27:16 UTC","2022-04-12 05:57:16",
"2022-04-12 00:27:12 UTC","2022-04-12 05:57:12",
"2022-04-12 00:26:46 UTC","2022-04-12 05:56:46",
"2022-04-12 00:26:43 UTC","2022-04-12 05:56:43",ca844af6b01699674d08add814937cbc
"2022-04-12 00:26:30 UTC","2022-04-12 05:56:30",
"2022-04-12 00:26:27 UTC","2022-04-12 05:56:27",af123a46f3c24b7da9134d0c493777a5
"2022-04-12 00:26:12 UTC","2022-04-12 05:56:12",ca844af6b01699674d08add814937cbc
"2022-04-12 00:26:08 UTC","2022-04-12 05:56:08",ca844af6b01699674d08add814937cbc
"2022-04-12 00:26:03 UTC","2022-04-12 05:56:03",eb0641f4df1b81cb6d08ae5c161c620f
"2022-04-12 00:26:00 UTC","2022-04-12 05:56:00",ca844af6b01699674d08add814937cbc
"2022-04-12 00:25:55 UTC","2022-04-12 05:55:55",eb0641f4df1b81cb6d08ae5c161c620f
"2022-04-12 00:25:48 UTC","2022-04-12 05:55:48",
"2022-04-12 00:25:14 UTC","2022-04-12 05:55:14",ca844af6b01699674d08add814937cbc
"2022-04-12 00:23:12 UTC","2022-04-12 05:53:12",db0d481e2417b2fbde67af114d56df66
"2022-04-12 00:23:06 UTC","2022-04-12 05:53:06",
"2022-04-12 00:19:09 UTC","2022-04-12 05:49:09",
"2022-04-12 00:19:08 UTC","2022-04-12 05:49:08",c4f7a60ba10de7e0037e73067f320944
"2022-04-12 00:19:06 UTC","2022-04-12 05:49:06",
"2022-04-12 00:17:00 UTC","2022-04-12 05:47:00",
"2022-04-12 00:16:55 UTC","2022-04-12 05:46:55",
"2022-04-12 00:16:44 UTC","2022-04-12 05:46:44",
"2022-04-12 00:16:36 UTC","2022-04-12 05:46:36",
"2022-04-12 00:16:32 UTC","2022-04-12 05:46:32",
"2022-04-12 00:16:30 UTC","2022-04-12 05:46:30",
"2022-04-12 00:16:27 UTC","2022-04-12 05:46:27",
"2022-04-12 00:16:06 UTC","2022-04-12 05:46:06",
"2022-04-12 00:15:59 UTC","2022-04-12 05:45:59",
"2022-04-12 00:15:53 UTC","2022-04-12 05:45:53",
"2022-04-12 00:15:50 UTC","2022-04-12 05:45:50",
"2022-04-12 00:15:47 UTC","2022-04-12 05:45:47",
"2022-04-12 00:15:44 UTC","2022-04-12 05:45:44",de444256221168098379c2825dcadd8e
"2022-04-12 00:10:30 UTC","2022-04-12 05:40:30",d59c281508d95a8981d071c9870fd84f
"2022-04-12 00:09:22 UTC","2022-04-12 05:39:22",d292ff833e0ccec687473cb3fe474ab9
"2022-04-12 00:01:49 UTC","2022-04-12 05:31:49",
"2022-04-12 00:01:48 UTC","2022-04-12 05:31:48",c4986bb33a5a21d5e4080840bd4a2a0f
"2022-04-12 00:01:46 UTC","2022-04-12 05:31:46",
"2022-04-12 00:01:46 UTC","2022-04-12 05:31:46",c4986bb33a5a21d5e4080840bd4a2a0f
"2022-04-12 00:01:44 UTC","2022-04-12 05:31:44",
"2022-04-12 00:01:40 UTC","2022-04-12 05:31:40",
"2022-04-12 00:01:37 UTC","2022-04-12 05:31:37",
"2022-04-12 00:01:16 UTC","2022-04-12 05:31:16",13572eb3a2530f2fcd4fb5a7a65a9890
"2022-04-12 00:00:55 UTC","2022-04-12 05:30:55",
"2022-04-12 00:00:54 UTC","2022-04-12 05:30:54",
"2022-04-12 00:00:52 UTC","2022-04-12 05:30:52",
"2022-04-11 23:53:26 UTC","2022-04-12 05:23:26",
"2022-04-11 23:50:10 UTC","2022-04-12 05:20:10",
"2022-04-11 23:50:08 UTC","2022-04-12 05:20:08",
"2022-04-11 23:47:55 UTC","2022-04-12 05:17:55",
"2022-04-11 23:47:52 UTC","2022-04-12 05:17:52",
"2022-04-11 23:43:52 UTC","2022-04-12 05:13:52",29b82e8d2441bef315ee888badedc5ca
"2022-04-11 23:35:52 UTC","2022-04-12 05:05:52",43e0fe3ae18fb5ebb737b9012af49211
"2022-04-11 23:35:49 UTC","2022-04-12 05:05:49",
"2022-04-11 23:35:23 UTC","2022-04-12 05:05:23",43e0fe3ae18fb5ebb737b9012af49211
"2022-04-11 23:35:22 UTC","2022-04-12 05:05:22",43e0fe3ae18fb5ebb737b9012af49211
"2022-04-11 23:35:18 UTC","2022-04-12 05:05:18",
"2022-04-11 23:35:14 UTC","2022-04-12 05:05:14",43e0fe3ae18fb5ebb737b9012af49211
"2022-04-11 23:34:34 UTC","2022-04-12 05:04:34",43e0fe3ae18fb5ebb737b9012af49211
"2022-04-11 23:31:06 UTC","2022-04-12 05:01:06",075cb73e19ebde73477f5c10650fe72b
"2022-04-11 23:31:03 UTC","2022-04-12 05:01:03",075cb73e19ebde73477f5c10650fe72b
"2022-04-11 23:26:59 UTC","2022-04-12 04:56:59",ab5692084b8f0af4bdd2dece32c8364c
"2022-04-11 23:26:39 UTC","2022-04-12 04:56:39",
"2022-04-11 23:24:23 UTC","2022-04-12 04:54:23",ab5692084b8f0af4bdd2dece32c8364c
"2022-04-11 23:24:10 UTC","2022-04-12 04:54:10",ab5692084b8f0af4bdd2dece32c8364c
"2022-04-11 23:18:31 UTC","2022-04-12 04:48:31",
"2022-04-11 23:18:27 UTC","2022-04-12 04:48:27",
"2022-04-11 23:17:40 UTC","2022-04-12 04:47:40",
"2022-04-11 23:15:47 UTC","2022-04-12 04:45:47",
"2022-04-11 23:15:30 UTC","2022-04-12 04:45:30",
"2022-04-11 23:07:37 UTC","2022-04-12 04:37:37",
"2022-04-11 23:03:39 UTC","2022-04-12 04:33:39",2aa8c9df1b3d0122fe5f408f9dd47bfe
"2022-04-11 22:45:45 UTC","2022-04-12 04:15:45",
"2022-04-11 22:26:37 UTC","2022-04-12 03:56:37",
"2022-04-11 22:00:06 UTC","2022-04-12 03:30:06",
"2022-04-11 21:58:11 UTC","2022-04-12 03:28:11",05f1816c012ae9b3d0c115e72aed1fdc
"2022-04-11 21:51:33 UTC","2022-04-12 03:21:33",7cdfd0bb095ec9704cf6c7960b74c45a
"2022-04-11 21:51:15 UTC","2022-04-12 03:21:15",7cdfd0bb095ec9704cf6c7960b74c45a
"2022-04-11 21:51:08 UTC","2022-04-12 03:21:08",7cdfd0bb095ec9704cf6c7960b74c45a
"2022-04-11 21:49:16 UTC","2022-04-12 03:19:16",9911237712bde29c346af68637460957
"2022-04-11 21:44:23 UTC","2022-04-12 03:14:23",
"2022-04-11 20:49:09 UTC","2022-04-12 02:19:09",b5b0192f0d7a70de204ad4d524ef593f
"2022-04-11 20:09:01 UTC","2022-04-12 01:39:01",
"2022-04-11 20:06:32 UTC","2022-04-12 01:36:32",495655bd94544af66ff9fa6500b1bd3f
"2022-04-11 20:03:46 UTC","2022-04-12 01:33:46",27a8437cdceeee9033348ee6e20dae2c
"2022-04-11 20:01:04 UTC","2022-04-12 01:31:04",
"2022-04-11 19:50:24 UTC","2022-04-12 01:20:24",
"2022-04-11 19:47:58 UTC","2022-04-12 01:17:58",
"2022-04-11 19:47:53 UTC","2022-04-12 01:17:53",
"2022-04-11 19:29:31 UTC","2022-04-12 00:59:31",
"2022-04-11 19:24:05 UTC","2022-04-12 00:54:05",
"2022-04-11 19:21:53 UTC","2022-04-12 00:51:53",3a524416d729f9e0d7ce7516b5da4877
"2022-04-11 19:21:51 UTC","2022-04-12 00:51:51",
"2022-04-11 19:21:48 UTC","2022-04-12 00:51:48",3a524416d729f9e0d7ce7516b5da4877
"2022-04-11 19:21:37 UTC","2022-04-12 00:51:37",3a524416d729f9e0d7ce7516b5da4877
"2022-04-11 19:19:27 UTC","2022-04-12 00:49:27",
"2022-04-11 19:19:20 UTC","2022-04-12 00:49:20",
"2022-04-11 19:07:12 UTC","2022-04-12 00:37:12",
"2022-04-11 19:07:09 UTC","2022-04-12 00:37:09",
"2022-04-11 19:03:42 UTC","2022-04-12 00:33:42",
"2022-04-11 19:02:41 UTC","2022-04-12 00:32:41",029a52ab51f1aa935e58cedf98217264
"2022-04-11 19:02:41 UTC","2022-04-12 00:32:41",029a52ab51f1aa935e58cedf98217264
"2022-04-11 19:02:41 UTC","2022-04-12 00:32:41",029a52ab51f1aa935e58cedf98217264
"2022-04-11 19:02:41 UTC","2022-04-12 00:32:41",029a52ab51f1aa935e58cedf98217264
"2022-04-11 19:02:41 UTC","2022-04-12 00:32:41",029a52ab51f1aa935e58cedf98217264
"2022-04-11 19:02:41 UTC","2022-04-12 00:32:41",
"2022-04-11 19:02:08 UTC","2022-04-12 00:32:08",
"2022-04-11 19:00:26 UTC","2022-04-12 00:30:26",
"2022-04-11 18:59:50 UTC","2022-04-12 00:29:50",19383f0251bb430c3d79b806f89e082f
"2022-04-11 18:59:48 UTC","2022-04-12 00:29:48",
"2022-04-11 18:59:45 UTC","2022-04-12 00:29:45",
"2022-04-11 18:59:42 UTC","2022-04-12 00:29:42",5c79921eec5fd6b07d8798037c595993
"2022-04-11 18:59:09 UTC","2022-04-12 00:29:09",11653b5518262358d36a090693ce1e13
"2022-04-11 18:58:29 UTC","2022-04-12 00:28:29",4da39fbb39011106ec27e5e6ac4b82ff
"2022-04-11 18:58:27 UTC","2022-04-12 00:28:27",4da39fbb39011106ec27e5e6ac4b82ff
"2022-04-11 18:58:25 UTC","2022-04-12 00:28:25",4da39fbb39011106ec27e5e6ac4b82ff
"2022-04-11 18:58:21 UTC","2022-04-12 00:28:21",4da39fbb39011106ec27e5e6ac4b82ff
"2022-04-11 18:58:12 UTC","2022-04-12 00:28:12",19383f0251bb430c3d79b806f89e082f
"2022-04-11 18:57:59 UTC","2022-04-12 00:27:59",4da39fbb39011106ec27e5e6ac4b82ff
"2022-04-11 18:57:51 UTC","2022-04-12 00:27:51",4da39fbb39011106ec27e5e6ac4b82ff
"2022-04-11 18:57:39 UTC","2022-04-12 00:27:39",4da39fbb39011106ec27e5e6ac4b82ff
"2022-04-11 18:51:13 UTC","2022-04-12 00:21:13",5fc0cf9f5dedc9eeaf153941f5012a46
"2022-04-11 18:49:11 UTC","2022-04-12 00:19:11",8f4010646fb6d7814d401c5025a83030
"2022-04-11 18:49:09 UTC","2022-04-12 00:19:09",
"2022-04-11 18:49:07 UTC","2022-04-12 00:19:07",8f4010646fb6d7814d401c5025a83030
"2022-04-11 18:48:59 UTC","2022-04-12 00:18:59",eb1f9ca62d9317d8ba25f934c71a0c4e
"2022-04-11 18:48:46 UTC","2022-04-12 00:18:46",
"2022-04-11 18:48:40 UTC","2022-04-12 00:18:40",
"2022-04-11 18:48:37 UTC","2022-04-12 00:18:37",
"2022-04-11 18:45:05 UTC","2022-04-12 00:15:05",
"2022-04-11 18:44:18 UTC","2022-04-12 00:14:18",1e972bf82016ca11f1d7719672304a78
"2022-04-11 18:39:39 UTC","2022-04-12 00:09:39",
"2022-04-11 18:39:15 UTC","2022-04-12 00:09:15",
"2022-04-11 18:38:10 UTC","2022-04-12 00:08:10",a132a377b04c913c414ca6aa83ef5b66
"2022-04-11 18:37:01 UTC","2022-04-12 00:07:01",
"2022-04-11 18:36:42 UTC","2022-04-12 00:06:42",
"2022-04-11 18:36:40 UTC","2022-04-12 00:06:40",d2967279e277b6ea0e37a20446debbf4
"2022-04-11 18:36:38 UTC","2022-04-12 00:06:38",
"2022-04-11 18:32:18 UTC","2022-04-12 00:02:18",cb67deab82f8340b7ce831d5250934dc
"2022-04-11 18:29:27 UTC","2022-04-11 23:59:27",138ccbdc4e702927a16c5678582d1a01
"2022-04-11 18:29:23 UTC","2022-04-11 23:59:23",
"2022-04-11 18:29:17 UTC","2022-04-11 23:59:17",
"2022-04-11 18:29:12 UTC","2022-04-11 23:59:12",
"2022-04-11 18:29:08 UTC","2022-04-11 23:59:08",
"2022-04-11 18:29:04 UTC","2022-04-11 23:59:04",
"2022-04-11 18:25:34 UTC","2022-04-11 23:55:34",
"2022-04-11 18:22:30 UTC","2022-04-11 23:52:30",
"2022-04-11 18:18:40 UTC","2022-04-11 23:48:40",
"2022-04-11 18:01:45 UTC","2022-04-11 23:31:45",0fc9f7cf4488fcd2b148a0d67ada1905
"2022-04-11 18:00:34 UTC","2022-04-11 23:30:34",
"2022-04-11 17:57:20 UTC","2022-04-11 23:27:20",
"2022-04-11 17:55:00 UTC","2022-04-11 23:25:00",e6ab5edaa69044aa029c14dc5d19795d
"2022-04-11 17:48:50 UTC","2022-04-11 23:18:50",9a549df106354bf930a46cfc292fc316
"2022-04-11 17:46:29 UTC","2022-04-11 23:16:29",
"2022-04-11 17:44:20 UTC","2022-04-11 23:14:20",b7b663269b58fd424835f068d464fe94
"2022-04-11 17:44:09 UTC","2022-04-11 23:14:09",
"2022-04-11 17:42:27 UTC","2022-04-11 23:12:27",3a2f42a5b7f023f7e4de81357db2f3cc
"2022-04-11 17:40:40 UTC","2022-04-11 23:10:40",9d5a9e6686dc5f50ffce300a5ed5c563
"2022-04-11 17:40:17 UTC","2022-04-11 23:10:17",e604a0491ae239d007253098fda24873
"2022-04-11 17:38:58 UTC","2022-04-11 23:08:58",
"2022-04-11 17:38:50 UTC","2022-04-11 23:08:50",2e7e7a6814fe39f6917b1897a89703d7
"2022-04-11 17:38:20 UTC","2022-04-11 23:08:20",622702c2ff489b06631aeeedffadcf80
"2022-04-11 17:36:39 UTC","2022-04-11 23:06:39",7e0fc33f66231d352366b959665b99ef
"2022-04-11 17:34:40 UTC","2022-04-11 23:04:40",f0717dca35df182f55219635a2a98d35
"2022-04-11 17:34:37 UTC","2022-04-11 23:04:37",b067c1c455f7ac8a99c15453c70b4134
"2022-04-11 17:34:37 UTC","2022-04-11 23:04:37",f8164938fee04a149d5a0e636061ef83
"2022-04-11 17:34:33 UTC","2022-04-11 23:04:33",f8164938fee04a149d5a0e636061ef83
"2022-04-11 17:33:46 UTC","2022-04-11 23:03:46",17e493d77a97a5c0209a101b6a2ece99
"2022-04-11 17:33:23 UTC","2022-04-11 23:03:23",9d8167ca810d49bd988a85dbe8ce4459
"2022-04-11 17:33:19 UTC","2022-04-11 23:03:19",9d8167ca810d49bd988a85dbe8ce4459
"2022-04-11 17:32:29 UTC","2022-04-11 23:02:29",a67d0083254cd4179856e0a6a37a0e0b
"2022-04-11 17:32:13 UTC","2022-04-11 23:02:13",
"2022-04-11 17:32:13 UTC","2022-04-11 23:02:13",f80bef23c4d5a0abccc515aa6ea35ebe
"2022-04-11 17:32:09 UTC","2022-04-11 23:02:09",a9fc7839b48713dd34b6decae498cadc
"2022-04-11 17:31:57 UTC","2022-04-11 23:01:57",
"2022-04-11 17:30:27 UTC","2022-04-11 23:00:27",54e7d6a149c67a69676c0805371ed986
"2022-04-11 17:29:54 UTC","2022-04-11 22:59:54",75671f15fb6171e2591032b98a227663
"2022-04-11 17:29:41 UTC","2022-04-11 22:59:41",ebc03627f22af92b5f6aba1a124c07b9
"2022-04-11 17:29:34 UTC","2022-04-11 22:59:34",
"2022-04-11 17:29:29 UTC","2022-04-11 22:59:29",e604a0491ae239d007253098fda24873
"2022-04-11 17:29:25 UTC","2022-04-11 22:59:25",e604a0491ae239d007253098fda24873
"2022-04-11 17:29:24 UTC","2022-04-11 22:59:24",fe0299731b9fc698e09e93e31d5be608
"2022-04-11 17:29:04 UTC","2022-04-11 22:59:04",
"2022-04-11 17:29:00 UTC","2022-04-11 22:59:00",2e7e7a6814fe39f6917b1897a89703d7
"2022-04-11 17:28:34 UTC","2022-04-11 22:58:34",6c4a23820c9d10d052dea05cacd198c2
"2022-04-11 17:28:18 UTC","2022-04-11 22:58:18",
"2022-04-11 17:28:17 UTC","2022-04-11 22:58:17",2e7e7a6814fe39f6917b1897a89703d7
"2022-04-11 17:28:16 UTC","2022-04-11 22:58:16",
"2022-04-11 17:28:13 UTC","2022-04-11 22:58:13",
"2022-04-11 17:28:10 UTC","2022-04-11 22:58:10",
"2022-04-11 17:28:07 UTC","2022-04-11 22:58:07",2e7e7a6814fe39f6917b1897a89703d7
"2022-04-11 17:28:06 UTC","2022-04-11 22:58:06",
"2022-04-11 17:28:04 UTC","2022-04-11 22:58:04",
"2022-04-11 17:28:04 UTC","2022-04-11 22:58:04",6c4a23820c9d10d052dea05cacd198c2
"2022-04-11 17:28:02 UTC","2022-04-11 22:58:02",
"2022-04-11 17:28:00 UTC","2022-04-11 22:58:00",2e7e7a6814fe39f6917b1897a89703d7
"2022-04-11 17:27:55 UTC","2022-04-11 22:57:55",
"2022-04-11 17:27:53 UTC","2022-04-11 22:57:53",
"2022-04-11 17:27:51 UTC","2022-04-11 22:57:51",
"2022-04-11 17:27:49 UTC","2022-04-11 22:57:49",
"2022-04-11 17:27:45 UTC","2022-04-11 22:57:45",
"2022-04-11 17:27:45 UTC","2022-04-11 22:57:45",2e7e7a6814fe39f6917b1897a89703d7
"2022-04-11 17:27:44 UTC","2022-04-11 22:57:44",6c4a23820c9d10d052dea05cacd198c2
"2022-04-11 17:27:42 UTC","2022-04-11 22:57:42",
"2022-04-11 17:27:39 UTC","2022-04-11 22:57:39",2e7e7a6814fe39f6917b1897a89703d7
"2022-04-11 17:27:39 UTC","2022-04-11 22:57:39",6c4a23820c9d10d052dea05cacd198c2
"2022-04-11 17:27:33 UTC","2022-04-11 22:57:33",b7b663269b58fd424835f068d464fe94
"2022-04-11 17:27:32 UTC","2022-04-11 22:57:32",2e7e7a6814fe39f6917b1897a89703d7
"2022-04-11 17:27:24 UTC","2022-04-11 22:57:24",2e7e7a6814fe39f6917b1897a89703d7
"2022-04-11 17:27:21 UTC","2022-04-11 22:57:21",2e7e7a6814fe39f6917b1897a89703d7
"2022-04-11 17:27:20 UTC","2022-04-11 22:57:20",
"2022-04-11 17:27:17 UTC","2022-04-11 22:57:17",6c4a23820c9d10d052dea05cacd198c2
"2022-04-11 17:27:16 UTC","2022-04-11 22:57:16",2e7e7a6814fe39f6917b1897a89703d7
"2022-04-11 17:27:15 UTC","2022-04-11 22:57:15",
"2022-04-11 17:27:13 UTC","2022-04-11 22:57:13",
"2022-04-11 17:27:11 UTC","2022-04-11 22:57:11",
"2022-04-11 17:27:08 UTC","2022-04-11 22:57:08",
"2022-04-11 17:27:08 UTC","2022-04-11 22:57:08",2e7e7a6814fe39f6917b1897a89703d7
"2022-04-11 17:27:01 UTC","2022-04-11 22:57:01",
"2022-04-11 17:26:59 UTC","2022-04-11 22:56:59",2e7e7a6814fe39f6917b1897a89703d7
